,channel,electrode,x,y,orig_channel,mean_amp,spike_count,spike_amp_product
0,0,18310,875.0,1452.5,0,,,
1,1,12065,3237.5,945.0,1,0.3732439994812012,0.0,1.3732439994812011
2,2,17220,1050.0,1365.0,2,0.3817654848098755,0.11247772739566009,1.5371833263350527
3,3,17348,3290.0,1365.0,3,,,
4,4,10221,1767.5,805.0,4,0.36813566684722904,0.08508611612891395,1.4845450170767016
5,5,16909,3307.5,1330.0,5,0.33996334075927737,0.24733603079199423,1.6713845548694575
6,6,20070,875.0,1592.5,6,0.36131551265716555,0.5695228085731585,2.136615746779883
7,7,17347,3272.5,1365.0,7,,,
8,8,16770,875.0,1330.0,8,0.4225827217102051,0.6421359384266568,2.3360742127051357
9,9,17129,3307.5,1347.5,9,,,
10,10,19627,822.5,1557.5,10,0.43644065856933595,0.7589981789667368,2.526696502617242
11,11,19314,3045.0,1522.5,11,0.40823326110839847,0.5241195279002945,2.1463158130940245
12,12,20071,892.5,1592.5,12,0.33396871089935304,0.262700221854333,1.6844025871993518
13,13,13813,3027.5,1085.0,13,0.40438656806945805,0.08508611612891395,1.523880366690103
14,14,17658,1015.0,1400.0,14,0.7703940391540528,0.9411691138436762,3.4366342281387996
15,15,16025,3237.5,1260.0,15,0.34867181777954104,0.4415820151055547,1.944221036790702
16,16,18747,822.5,1487.5,16,0.35324199199676515,0.0,1.353241991996765
17,17,14703,3202.5,1155.0,17,0.3259524583816529,0.04977218726742019,1.3919480124479207
18,18,12228,2240.0,962.5,18,0.3488801956176758,0.08508611612891395,1.4636511725859935
19,19,16447,2922.5,1295.0,19,0.4151020526885987,0.8524097438172087,2.621348830896093
20,20,9779,1732.5,770.0,20,0.34526345729827884,0.5609265650478679,2.0998574674850214
21,21,17127,3272.5,1347.5,21,0.35073530673980713,0.44652576984498354,1.9538734294385995
22,22,17441,1067.5,1382.5,22,0.35158178806304935,0.15378081078435754,1.5594291312727566
23,23,14695,3062.5,1155.0,23,0.3600039005279541,0.28863911418069166,1.7525542216586283
24,24,8700,2100.0,682.5,24,0.5450040340423584,0.805388282345559,2.789332179236693
25,25,19963,2852.5,1575.0,25,0.41526298522949223,0.9640083669507907,2.779588344426476
26,26,19628,840.0,1557.5,26,0.45989217758178713,0.11247772739566009,1.624097531958888
27,27,15137,3097.5,1190.0,27,,,
28,28,19629,857.5,1557.5,28,0.3150885820388794,0.27635353758715564,1.6785179639257999
29,29,16242,3185.0,1277.5,29,0.39094243049621585,0.3403444645156558,1.864341987175555
30,30,18100,1050.0,1435.0,30,0.3677749872207642,0.17017223225782788,1.6005323100225435
31,31,15141,3167.5,1190.0,31,0.29287569522857665,0.15378081078435754,1.491695167884217
32,32,9560,1750.0,752.5,32,0.38972997665405273,0.42920790383974394,1.9862130668369948
33,33,14696,3080.0,1155.0,33,0.4581267833709717,0.47261839208221423,2.1472643191797713
34,34,17661,1067.5,1400.0,34,0.3800150156021118,0.25525834838674183,1.7322753692336108
35,35,15793,3027.5,1242.5,35,0.3534019470214844,0.30503053565416205,1.7662308678768337
36,36,8899,1732.5,700.0,36,0.3690622568130493,0.6983029735182854,2.3250825016772563
37,37,12507,3272.5,980.0,37,0.3198002576828003,0.08508611612891395,1.4320969356749698
38,38,15221,717.5,1207.5,38,0.31084156036376953,0.11247772739566009,1.4582820400492673
39,39,15575,3062.5,1225.0,39,0.30092408657073977,0.27635353758715564,1.6604390600269026
40,40,17211,892.5,1365.0,40,0.3649449348449707,0.08508611612891395,1.4810827980807628
41,41,17339,3132.5,1365.0,41,0.4298726558685303,0.5066194387199286,2.1542739382256184
42,42,8473,1977.5,665.0,42,0.4420022964477539,0.4195372897050477,2.0469760316478993
43,43,16922,3535.0,1330.0,43,0.4583568572998047,0.5876804953076501,2.315404737533062
44,44,16988,840.0,1347.5,44,0.38632791042327885,0.7347025357661402,2.4048665416146364
45,45,16228,2940.0,1277.5,45,0.6020304203033447,0.19756384352457407,1.9185337075817623
46,46,17210,875.0,1365.0,46,0.36803946495056156,0.04977218726742019,1.4361297813893021
47,47,15583,3202.5,1225.0,47,,,
48,48,8680,1750.0,682.5,48,0.41253480911254886,0.13485830339633414,1.603026856957732
49,49,12055,3062.5,945.0,49,0.4628044128417969,0.7826599630024484,2.607682860476376
50,50,8907,1872.5,700.0,50,0.6713502407073975,0.9182127707565213,3.2060053761319156
51,51,15794,3045.0,1242.5,51,0.37704942226409915,0.24733603079199423,1.7176433605713104
52,52,19855,962.5,1575.0,52,0.6986356735229493,0.7853465906646986,3.0326534085056314
53,53,17120,3150.0,1347.5,53,0.4116375923156739,0.5881909048487933,2.241949985058402
54,54,17437,997.5,1382.5,54,0.4218650341033936,0.6252747371307249,2.3109213195377625
55,55,16017,3097.5,1260.0,55,0.386239504814148,0.7339280643151831,2.403639581259634
56,56,18530,875.0,1470.0,56,0.39220449924469,0.3581660379071525,1.890844868695672
57,57,15804,3220.0,1242.5,57,0.4045732498168946,0.7896647395131626,2.513715219260709
58,58,8915,2012.5,700.0,58,0.532645320892334,0.282649959653488,1.9658474590056594
59,59,16021,3167.5,1260.0,59,0.4771143436431885,0.5015671487676046,2.217986373388034
60,60,16987,822.5,1347.5,60,0.29614107608795165,0.18463049066375437,1.5354482389355169
61,61,14701,3167.5,1155.0,61,0.32301566600799564,0.0,1.3230156660079957
62,62,9345,1837.5,735.0,62,0.9328670501708984,0.8216276873069853,3.520964134474689
63,63,16463,3202.5,1295.0,63,0.374859356880188,0.5689283603519557,2.1570558365045773
64,64,19852,910.0,1575.0,64,0.4204859256744385,0.3677360757824019,1.9428498456860892
65,65,13371,2992.5,1050.0,65,0.35299005508422854,0.0,1.3529900550842284
66,66,16768,840.0,1330.0,66,0.36785573959350587,0.392647737697629,1.904941201241613
67,67,16455,3062.5,1295.0,67,0.3621839046478272,0.6100610713083241,2.193199276836237
68,68,16991,892.5,1347.5,68,0.3844369649887085,0.15378081078435754,1.5973368039445073
69,69,17119,3132.5,1347.5,69,0.43662343025207523,0.749246545707365,2.5130085728507083
70,70,17879,1032.5,1417.5,70,0.47774810791015626,0.9044106717517338,2.8142392668650342
71,71,20677,3797.5,1627.5,71,0.27973852157592777,0.13485830339633414,1.4523218873865904
72,72,17438,1015.0,1382.5,72,0.7003066539764404,0.9347728837202272,3.289707208122688
73,73,16236,3080.0,1277.5,73,0.4024678230285645,0.7359316155489646,2.4345882337854152
74,74,17880,1050.0,1417.5,74,0.43844447135925296,0.46863685437015606,2.112552563603195
75,75,16682,3185.0,1312.5,75,0.3818675994873047,0.08508611612891395,1.4994453465320652
76,76,11321,1767.5,892.5,76,0.35475413799285893,0.39994215971471253,1.8965774338241668
77,77,16232,3010.0,1277.5,77,0.3576633453369141,0.5170526375846626,2.059646758995382
78,78,18532,910.0,1470.0,78,0.2872534990310669,0.13485830339633414,1.4608503219513913
79,79,16674,3045.0,1312.5,79,0.3736302852630615,0.5659121565750599,2.1509843623330953
80,80,17207,822.5,1365.0,80,0.40119214057922364,0.0,1.4011921405792236
81,81,16240,3150.0,1277.5,81,0.7017885208129884,0.8269850459207461,3.109142178844916
82,82,14782,735.0,1172.5,82,0.38062486648559574,0.08508611612891395,1.4980968742058556
83,83,16678,3115.0,1312.5,83,0.4660261154174805,0.8979673276836759,2.7824696685933956
84,84,17219,1032.5,1365.0,84,0.3391042232513428,0.13485830339633414,1.519693546869885
85,85,17141,3517.5,1347.5,85,0.4338586807250977,0.7288522686583778,2.478929833107094
86,86,18318,1015.0,1452.5,86,0.4170005798339844,0.36143965371606956,1.9291607787246496
87,87,15585,3237.5,1225.0,87,0.30393686294555666,0.282649959653488,1.6724945646478138
88,88,17208,840.0,1365.0,88,0.37288918495178225,0.3282606189745676,1.8235546385875439
89,89,16006,2905.0,1260.0,89,0.3214514970779419,0.18463049066375437,1.565431735371795
90,90,18751,892.5,1487.5,90,0.4755086898803711,0.04977218726742019,1.5489479847078027
91,91,17343,3202.5,1365.0,91,0.4665872097015381,0.551682702182791,2.275678004536402
92,92,10242,2135.0,805.0,92,0.4065279483795166,0.4573412292530761,2.049791169270212
93,93,17558,3115.0,1382.5,93,0.4221399307250977,0.38753227595330025,1.9732650548030635
94,94,20075,962.5,1592.5,94,0.4256463050842285,0.5152204645004271,2.1601684566030426
95,95,17116,3080.0,1347.5,95,0.3391713857650757,0.22976992745688463,1.646872697924653
96,96,15001,717.5,1190.0,96,0.4163234233856201,0.7666113240389951,2.5020929982547124
97,97,16014,3045.0,1260.0,97,0.607903528213501,0.8823087640155455,3.02657090284779
98,98,16769,857.5,1330.0,98,0.431321668624878,0.7322068296187857,2.4793451697733704
99,99,16921,3517.5,1330.0,99,0.36575396060943605,0.15378081078435754,1.5757807120039025
100,100,16989,857.5,1347.5,100,0.4644184589385987,0.9301482791354181,2.826544768454477
101,101,13811,2992.5,1085.0,101,0.3032963037490845,0.5085835337059398,1.9661313433756837
102,102,15000,700.0,1190.0,102,0.2894706964492798,0.0,1.2894706964492797
103,103,17781,3167.5,1400.0,103,0.3289261341094971,0.29434960044340985,1.720095010703433
104,104,10441,1767.5,822.5,104,0.3907337188720703,0.2092634843144959,1.6817635026368962
105,105,16901,3167.5,1330.0,105,0.4273085117340088,0.8542309559029827,2.646559626081015
106,106,20513,927.5,1627.5,106,0.5109040260314942,0.11247772739566009,1.68084707719247
107,107,22847,3272.5,1802.5,107,0.4609439849853516,0.0,1.4609439849853516
108,108,17657,997.5,1400.0,108,0.38720154762268066,0.3148560435857986,1.8239703385632546
109,109,9853,3027.5,770.0,109,0.430362606048584,0.0,1.430362606048584
110,110,19854,945.0,1575.0,110,0.4727024078369141,0.6883562448355247,2.4864463070557674
111,111,15135,3062.5,1190.0,111,0.2978926181793213,0.0,1.2978926181793213
112,112,9566,1855.0,752.5,112,0.666829538345337,0.9298966709145324,3.216808777034673
113,113,16898,3115.0,1330.0,113,0.5041599750518799,0.8380476262199584,2.76471767159918
114,114,10880,1750.0,857.5,114,0.47475333213806153,0.5695228085731585,2.3146589918099543
115,115,17363,3552.5,1365.0,115,0.38333094120025635,0.11247772739566009,1.5389248617025606
116,116,10003,1802.5,787.5,116,0.3683980464935303,0.640150666296146,2.2443789677147086
117,117,16900,3150.0,1330.0,117,0.4515077114105225,0.6709632773793113,2.42541608259987
118,118,19850,875.0,1575.0,118,0.3302138090133667,0.08508611612891395,1.443396535643363
119,119,15143,3202.5,1190.0,119,,,
120,120,9561,1767.5,752.5,120,0.43854846954345705,0.7257361186435862,2.482555052310597
121,121,15798,3115.0,1242.5,121,0.44673967361450195,0.8361028457360384,2.6563628317628143
122,122,17881,1067.5,1417.5,122,0.49327044486999516,0.34412178771083,2.0071373398944043
123,123,19094,3045.0,1505.0,123,0.38765504360198977,0.5474975246230862,2.1473927450048196
124,124,14781,717.5,1172.5,124,0.2902830600738526,0.04977218726742019,1.3545032701678283
125,125,16885,2887.5,1330.0,125,0.6065019607543946,0.5741775204604755,2.528919273195245
126,126,20623,2852.5,1627.5,126,0.3781346321105957,0.262700221854333,1.7401709057111887
127,127,22858,3465.0,1802.5,127,0.3504659175872803,0.04977218726742019,1.4176815601357027
128,128,12505,3237.5,980.0,129,0.3485613822937012,0.4699784340383181,1.9823561489486448
129,129,17663,1102.5,1400.0,130,0.3276583194732666,0.3282606189745676,1.7634762612102952
130,130,22639,3482.5,1785.0,131,0.30940182209014894,0.13485830339633414,1.485985530281295
131,131,18311,892.5,1452.5,132,0.3710035562515259,0.5621920743777928,2.1417708895199024
132,132,17109,2957.5,1347.5,133,0.33486638069152835,0.37372523030960564,1.8337396262480197
133,133,17002,1085.0,1347.5,134,0.3591786861419678,0.04977218726742019,1.4268279822385117
134,134,16660,2800.0,1312.5,135,0.27730038166046145,0.0,1.2773003816604613
135,135,8469,1907.5,665.0,136,1.594233512878418,0.8319786061611231,4.752580294979478
136,136,11834,3045.0,927.5,137,0.36102371215820317,0.13485830339633414,1.5445690608620393
137,137,20378,2415.0,1610.0,138,0.9346080780029298,0.7597559179023669,3.404438014087379
138,138,21728,2940.0,1715.0,139,0.3521475315093994,0.0,1.3521475315093994
139,139,13592,3010.0,1067.5,141,0.44018096923828126,0.5258244624991416,2.197463353289493
140,140,24523,1802.5,1942.5,142,0.401600980758667,0.48502827584362646,2.081417087876779
141,141,22420,3500.0,1767.5,143,,,
142,142,8684,1820.0,682.5,144,0.7602981090545655,0.8435765247013559,3.245244270329184
143,143,10291,2992.5,805.0,145,0.27820463180541993,0.13485830339633414,1.450581139844035
144,144,24081,1767.5,1907.5,146,0.3785398006439209,0.13485830339633414,1.5644473393230809
145,145,22638,3465.0,1785.0,147,0.31169085502624516,0.04977218726742019,1.376976577899574
146,146,19936,2380.0,1575.0,148,0.4218207359313965,0.5142940199686579,2.15305463788835
147,147,16225,2887.5,1277.5,149,0.367387056350708,0.6513032500478992,2.257970690225354
148,148,20294,945.0,1610.0,150,0.47213630676269536,0.727713396043273,2.543429617995578
149,149,16230,2975.0,1277.5,151,0.44088315963745117,0.5557298814317266,2.2416249870997436
150,150,8920,2100.0,700.0,152,0.2902641534805298,0.22976992745688463,1.5867280544259699
151,151,15356,3080.0,1207.5,153,0.31151502132415776,0.47898009110716416,1.9397046057264173
152,152,19717,2397.5,1557.5,154,0.3424461603164673,0.08508611612891395,1.456669690209969
153,153,16445,2887.5,1295.0,155,0.3241971731185913,0.7365415711780713,2.299523439556919
154,154,19187,822.5,1522.5,156,0.45003685951232913,0.7555292515529124,2.5455821227038147
155,155,12286,3255.0,962.5,157,0.7519084453582764,0.7803398140437998,3.118992355830916
156,156,23862,1785.0,1890.0,158,0.3914998292922974,0.262700221854333,1.7570471431576504
157,157,20844,2870.0,1645.0,159,0.38348979949951173,0.5379083080402298,2.1276804567392107
158,158,9126,1855.0,717.5,160,0.6877737998962403,0.8444637492394987,3.1130375908248147
159,159,16023,3202.5,1260.0,161,0.3977906942367554,0.5076054144448082,2.1073168188918996
160,160,22515,1312.5,1785.0,162,0.36186606884002687,0.04977218726742019,1.429649121851478
161,161,16011,2992.5,1260.0,163,0.34514985084533695,0.7268933975512443,2.3229303961418535
162,162,9130,1925.0,717.5,164,0.383912467956543,0.48851912675525355,2.059980178308381
163,163,16448,2940.0,1295.0,165,0.41451258659362794,0.8288635912709094,2.5869505690155252
164,164,18103,1102.5,1435.0,166,0.3713080406188965,0.08508611612891395,1.4879873158115093
165,165,21067,2922.5,1662.5,167,0.43354215621948244,0.5917055548488427,2.2817770131645374
166,166,11103,1802.5,875.0,168,0.41466727256774905,0.545350181507821,2.186156326435745
167,167,16897,3097.5,1330.0,169,0.40793514251708984,0.6357358249692896,2.3030099518484466
168,168,17442,1085.0,1382.5,170,0.34698400497436527,0.08508611612891395,1.461593642445404
169,169,22846,3255.0,1802.5,171,0.3406892538070679,0.0,1.3406892538070678
170,170,9783,1802.5,770.0,172,0.4493011474609375,0.6844662522264858,2.4412988722110707
171,171,13151,2992.5,1032.5,173,0.5530550956726075,0.0,1.5530550956726075
172,172,18098,1015.0,1435.0,174,0.5042765617370606,0.7368454161792148,2.6126958509188434
173,173,22859,3482.5,1802.5,175,0.40068960189819336,0.04977218726742019,1.4704049870673985
174,174,9568,1890.0,752.5,176,0.47802109718322755,0.9562576123717935,2.8913900226107994
175,175,17105,2887.5,1347.5,177,0.322503924369812,0.7293371408534679,2.287055155337182
176,176,19408,840.0,1540.0,178,0.3724140882492066,0.4045749101890025,1.9276583947447512
177,177,20899,3832.5,1645.0,179,0.3454151630401612,0.04977218726742019,1.4123794184874228
178,178,15220,700.0,1207.5,180,0.33473958969116213,0.04977218726742019,1.40117249850251
179,179,14923,3202.5,1172.5,181,0.3498301982879639,0.04977218726742019,1.4170141996963714
180,180,19186,805.0,1522.5,182,0.6138019084930421,0.7880756776101824,2.885599941057302
181,181,20457,3797.5,1610.0,183,0.3934468269348145,0.04977218726742019,1.4628017233522064
182,182,22524,1470.0,1785.0,184,0.3586017608642578,0.13485830339633414,1.5418204893256837
183,183,17557,3097.5,1382.5,185,0.30198767185211184,0.04977218726742019,1.3667904460754075
184,184,16438,2765.0,1295.0,186,0.35644111633300785,0.0,1.356441116333008
185,185,17361,3517.5,1365.0,187,0.36994500160217286,0.7057570642854921,2.3367933641655063
186,186,10225,1837.5,805.0,188,0.392726731300354,0.17017223225782788,1.6297301480908832
187,187,12469,2607.5,980.0,189,0.4232370853424072,0.13485830339633414,1.6151724240024279
188,188,20159,2432.5,1592.5,190,0.5157675743103027,0.7328355291635701,2.6265759067189745
189,189,20679,3832.5,1627.5,191,0.3026185989379883,0.04977218726742019,1.3674527757823545
190,190,17001,1067.5,1347.5,192,0.28122477531433104,0.04977218726742019,1.3449941347629344
191,191,12274,3045.0,962.5,193,0.3294907569885254,0.5046234058339617,2.0003829108048468
192,192,18099,1032.5,1435.0,194,0.4680192470550537,0.7650536719708634,2.591132762538425
193,193,20898,3815.0,1645.0,195,0.24053452014923096,0.0,1.240534520149231
194,194,12006,2205.0,945.0,196,0.34995923042297367,0.38489231790940415,1.8695481677036674
195,195,19315,3062.5,1522.5,197,0.39390242099761963,0.7213395243715048,2.3993793303803317
196,196,18525,787.5,1470.0,198,0.3679243564605713,0.04977218726742019,1.436008943697992
197,197,16923,3552.5,1330.0,199,0.38535518646240235,0.42920790383974394,1.9799605821174475
198,198,15576,3080.0,1225.0,201,0.3364520311355591,0.3403444645156558,1.7913060820232511
199,199,17218,1015.0,1365.0,202,0.35019373893737793,0.43643077043784556,1.9394598326621733
200,200,17556,3080.0,1382.5,203,0.31681141853332523,0.0,1.3168114185333253
201,201,17439,1032.5,1382.5,204,0.42947087287902835,0.3677360757824019,1.9551388821168072
202,202,16460,3150.0,1295.0,205,0.45153346061706545,0.46169979306481546,2.12170615901062
203,203,18102,1085.0,1435.0,206,0.33917849063873295,0.0,1.339178490638733
204,204,17342,3185.0,1365.0,207,0.4131057739257813,0.4699784340383181,2.0772350126859256
205,205,7378,2065.0,577.5,208,0.26041083335876464,0.0,1.2604108333587647
206,206,9622,2835.0,752.5,209,0.3830333471298218,0.0,1.3830333471298217
207,207,18966,805.0,1505.0,210,0.5469655513763428,0.7675601466782068,2.734354656896902
208,208,20421,3167.5,1610.0,211,0.4172207832336426,0.4481304112277674,2.052320515624673
209,209,18967,822.5,1505.0,212,0.3751142978668213,0.5659121565750599,2.1533081957098337
210,210,14697,3097.5,1155.0,213,0.3901174783706665,0.2388669269132715,1.7221705684774937
211,211,15222,735.0,1207.5,214,0.3942854404449463,0.04977218726742019,1.4636820764910095
212,212,17118,3115.0,1347.5,215,0.6387077808380127,0.7750089696924801,2.9087210096923313
213,213,17883,1102.5,1417.5,216,0.3308572292327881,0.5056254792990501,2.003772553642222
214,214,14476,3080.0,1137.5,217,0.4484748840332031,0.5786621586657383,2.2866524872009615
215,215,14780,700.0,1172.5,218,0.41219367980957033,0.08508611612891395,1.5323517552463657
216,216,16907,3272.5,1330.0,219,0.32072846889495854,0.11247772739566009,1.4692810055830132
217,217,7597,2047.5,595.0,220,0.39304368495941167,0.5695228085731585,2.186413836882598
218,218,14922,3185.0,1172.5,221,0.429464054107666,0.6440896133695576,2.350167004043553
219,219,17000,1050.0,1347.5,222,,,
220,220,16903,3202.5,1330.0,223,0.333027458190918,0.2092634843144959,1.6119814287788454
221,221,19848,840.0,1575.0,224,0.3460956335067749,0.5348004631110467,2.0659882016979556
222,222,16464,3220.0,1295.0,225,0.3530965089797974,0.13485830339633414,1.5355728085123155
223,223,17662,1085.0,1400.0,226,0.4393172264099121,0.3403444645156558,1.9291808771005525
224,224,16899,3132.5,1330.0,227,0.44732394218444826,0.9006733008165667,2.750889974542561
225,225,16767,822.5,1330.0,228,0.3562939167022705,0.0,1.3562939167022705
226,226,9180,2800.0,717.5,229,0.40357136726379395,0.19756384352457407,1.6808663212414707
227,227,17217,997.5,1365.0,230,0.3966047763824463,0.5308016301093809,2.1379248683047964
228,228,16224,2870.0,1277.5,231,0.360737419128418,0.5348004631110467,2.088460421050826
229,229,18319,1032.5,1452.5,232,0.39310424327850346,0.6479060860843708,2.295704961048608
230,230,13373,3027.5,1050.0,233,0.39279644489288335,0.6357358249692896,2.2782470418011544
231,231,17222,1085.0,1365.0,234,0.30880274772644045,0.3403444645156558,1.7542465180580145
232,232,22627,3272.5,1785.0,235,,,
233,233,8904,1820.0,700.0,236,1.672875213623047,0.7648122691048871,4.7171229707882985
234,234,17341,3167.5,1365.0,237,0.4590457439422608,0.282649959653488,1.871444964600134
235,235,19406,805.0,1540.0,238,0.5731049537658691,0.8385787392941976,2.8922773226723084
236,236,16461,3167.5,1295.0,239,0.4053855419158936,0.3403444645156558,1.883700731617303
237,237,9346,1855.0,735.0,240,0.5642937660217285,0.8261815402278738,2.8566843990024213
238,238,16024,3220.0,1260.0,241,0.38122076988220216,0.45881134643851956,2.0149405310407036
239,239,18745,787.5,1487.5,242,0.4318235874176026,0.0,1.4318235874176026
240,240,20860,3150.0,1645.0,243,0.4341120719909668,0.8207882146565962,2.6112143591779047
241,241,9119,1732.5,717.5,244,0.4092130661010742,0.5025943791787361,2.117475632188707
242,242,12067,3272.5,945.0,245,0.4065478324890137,0.08508611612891395,1.5262255247050462
243,243,20515,962.5,1627.5,246,0.455694055557251,0.6670074038722388,2.4266527683867434
244,244,19095,3062.5,1505.0,247,0.5103239059448242,0.7323643066356208,2.616431226117308
245,245,8463,1802.5,665.0,248,0.377405047416687,0.5993801360975719,2.2029942721987834
246,246,17128,3290.0,1347.5,249,0.39540743827819824,0.7280398678255711,2.4113196852050764
247,247,16771,892.5,1330.0,250,0.3363247871398926,0.3100415709202341,1.7506410234043925
248,248,20458,3815.0,1610.0,251,,,
249,249,8919,2082.5,700.0,252,0.3926438808441162,0.25525834838674183,1.7481278577592878
250,250,16244,3220.0,1277.5,253,0.3513203620910645,0.0,1.3513203620910645
251,251,18526,805.0,1470.0,254,0.35755107402801517,0.11247772739566009,1.510245333658224
252,252,20641,3167.5,1627.5,255,0.3887094020843506,0.0,1.3887094020843507
253,253,15002,735.0,1190.0,256,0.33143665790557864,0.04977218726742019,1.397705172577563
254,254,15355,3062.5,1207.5,257,0.3350181818008423,0.0,1.3350181818008422
255,255,20597,2397.5,1627.5,258,0.6767318248748779,0.757852727565478,2.9474476117521453
256,256,23499,3132.5,1855.0,259,0.317615556716919,0.04977218726742019,1.3831961649522995
257,257,9804,2170.0,770.0,260,0.34519307613372807,0.3403444645156558,1.8030220933006293
258,258,16677,3097.5,1312.5,261,0.3395589351654053,0.7538234056823072,2.3493498137839564
259,259,17440,1050.0,1382.5,262,0.4109508037567139,0.25525834838674183,1.7711077755785984
260,260,16459,3132.5,1295.0,263,0.8497737884521485,0.0,1.8497737884521483
261,261,16229,2957.5,1277.5,265,0.42898373603820805,0.8287918686175177,2.613313836853356
262,262,17882,1085.0,1417.5,266,0.37623865604400636,0.7556594938121202,2.4162064622348924
263,263,17122,3185.0,1347.5,267,0.4969869613647461,0.7326786558926511,2.593797356106293
264,264,12931,2992.5,1015.0,269,0.33144023418426516,0.08508611612891395,1.4447273125687758
265,265,21839,1032.5,1732.5,270,0.33933558464050295,0.262700221854333,1.6911793398629658
266,266,20624,2870.0,1627.5,271,0.35579838752746584,0.2092634843144959,1.6395174821294383
267,267,9784,1820.0,770.0,272,0.41692771911621096,0.6762956973018682,2.3751898389422545
268,268,15579,3132.5,1225.0,273,0.39495348930358887,0.7244000149191484,2.4054578177666266
269,269,18746,805.0,1487.5,274,0.3809549808502197,0.30503053565416205,1.8021884183732453
270,270,17142,3535.0,1347.5,275,0.5257851123809815,0.8612019762590889,2.8397942665101787
271,271,16219,2782.5,1277.5,276,0.28955090045928955,0.15378081078435754,1.4878590834796173
272,272,17340,3150.0,1365.0,277,0.34613862037658694,0.24733603079199423,1.6790872036363431
273,273,20293,927.5,1610.0,278,0.35728392601013187,0.29434960044340985,1.7567999073194769
274,274,20678,3815.0,1627.5,279,1.036722755432129,0.0,2.036722755432129
275,275,10883,1802.5,857.5,280,0.3994335651397705,0.11247772739566009,1.5568386721878984
276,276,15787,2922.5,1242.5,281,0.3720831871032715,0.25525834838674183,1.7223188752924694
277,277,22058,1015.0,1750.0,282,0.7139415740966797,0.8173717095090081,3.114868928514643
278,278,24810,2975.0,1960.0,283,0.40752477645874025,0.0,1.4075247764587402
279,279,14257,3097.5,1120.0,285,0.3915531158447266,0.46452183270123776,2.0379599195180367
280,280,17221,1067.5,1365.0,286,0.42195892333984375,0.46452183270123776,2.0824898884355467
281,281,25722,3535.0,2030.0,287,0.31854071617126467,0.0,1.3185407161712646
282,282,9803,2152.5,770.0,288,0.36660778522491455,0.08508611612891395,1.4828871339412397
283,283,15792,3010.0,1242.5,289,0.3484939813613892,0.3148560435857986,1.7730754611320978
284,284,19626,805.0,1557.5,290,0.43319449424743656,0.640150666296146,2.350654904671901
285,285,20897,3797.5,1645.0,291,,,
286,286,15136,3080.0,1190.0,293,0.369661021232605,0.11247772739566009,1.5237173802032673
287,287,20069,857.5,1592.5,294,0.48299708366394045,0.584572650378467,2.3499166193649073
288,288,20419,3132.5,1610.0,295,,,
289,289,16889,2957.5,1330.0,297,0.4017037868499756,0.7031893228236242,2.38736692352432
290,290,18752,910.0,1487.5,298,0.3800081253051758,0.0,1.3800081253051757
291,291,26172,3710.0,2065.0,299,0.41218142509460454,0.08508611612891395,1.5323384578252994
292,292,16666,2905.0,1312.5,301,0.6738593101501466,0.9958580955121384,3.3407856549115333
293,293,20596,2380.0,1627.5,302,0.3859915256500244,0.5161399693076396,2.1013571491596768
294,294,21946,2905.0,1732.5,303,0.4506713390350342,0.7296593282242221,2.50916721374947
295,295,16679,3132.5,1312.5,305,0.415654468536377,0.7120437126094102,2.42366233208512
296,296,22516,1330.0,1785.0,306,0.36299145221710205,0.15378081078435754,1.5725933828311969
297,297,25733,3727.5,2030.0,307,0.3765413284301758,0.04977218726742019,1.4450548012101458
298,298,16456,3080.0,1295.0,309,0.3038921356201172,0.44489987431656824,1.883993582879869
299,299,21837,997.5,1732.5,310,0.341996717453003,0.13485830339633414,1.5229761179321646
300,300,24141,2817.5,1907.5,311,0.6666840553283692,0.0,1.666684055328369
301,301,8682,1785.0,682.5,312,0.5257408142089844,0.7386528596473148,2.6527336297050734
302,302,14477,3097.5,1137.5,313,0.3747716903686524,0.3324221469209082,1.8317762472070858
303,303,20292,910.0,1610.0,314,0.4568290710449219,0.04977218726742019,1.5293386403855915
304,304,25501,3517.5,2012.5,315,0.40405254364013676,0.13485830339633414,1.593400687554753
305,305,9569,1907.5,752.5,316,0.35327675342559817,0.5105166967734837,2.0441471314047788
306,306,16241,3167.5,1277.5,317,0.553452205657959,0.7031893228236242,2.645823210193445
307,307,24292,1610.0,1925.0,318,0.3609582185745239,0.36462823085321877,1.8572020060785008
308,308,15577,3097.5,1225.0,319,0.3380119562149048,0.33644720646210075,1.7881823410963003
309,309,12287,3272.5,962.5,321,0.3662030935287476,0.18463049066375437,1.6184458410332991
310,310,22739,1382.5,1802.5,322,0.522648811340332,0.8999521630636729,2.892959902692394
311,311,24360,2800.0,1925.0,323,0.49885168075561526,0.8222346270739385,2.7312594335208544
312,312,16902,3185.0,1330.0,325,0.3596758127212525,0.5446259710426832,2.100190572527814
313,313,21838,1015.0,1732.5,326,0.3802841901779175,0.46863685437015606,2.027136231199755
314,314,17779,3132.5,1400.0,327,1.0282143592834474,0.11247772739566009,2.2563433010868947
315,315,11836,3080.0,927.5,329,0.34660317897796633,0.08508611612891395,1.4611804134440503
316,316,22084,1470.0,1750.0,330,0.39919724464416506,0.2697166067926683,1.7765839777032402
317,317,25502,3535.0,2012.5,331,,,
318,318,17108,2940.0,1347.5,333,0.4200664043426514,0.7816107829591102,2.5300056184948394
319,319,22523,1452.5,1785.0,334,,,
320,320,16019,3132.5,1260.0,335,0.40573954582214355,0.6516074715612016,2.3217299369489024
321,321,16683,3202.5,1312.5,337,0.3338817596435547,0.04977218726742019,1.4002719723771295
322,322,22518,1365.0,1785.0,338,0.387802791595459,0.04977218726742019,1.4568767720289966
323,323,22640,3500.0,1785.0,339,0.39591751098632816,0.0,1.3959175109863282
324,324,16008,2940.0,1260.0,341,0.3541089773178101,0.6897002726906373,2.288038308226744
325,325,24260,1050.0,1925.0,342,0.3201308250427246,0.08508611612891395,1.432455629727669
326,326,25721,3517.5,2030.0,343,1.017025089263916,0.6183026434855953,3.2641570339325643
327,327,13593,3027.5,1067.5,345,0.3678501844406128,0.3513446543089315,1.8484370346393082
328,328,22520,1400.0,1785.0,346,0.37976500988006595,0.15378081078435754,1.5919463917913095
329,329,16676,3080.0,1312.5,347,0.40173039436340335,0.6016832677817371,2.2451281185929592
330,330,16888,2940.0,1330.0,349,0.41080651283264163,0.9188000256833351,2.7070555730574895
331,331,24259,1032.5,1925.0,350,0.4041900157928467,0.4873665049741459,2.088545196109397
332,332,20616,2730.0,1627.5,351,0.37626941204071046,0.37661367693590153,1.8945912957637736
333,333,16659,2782.5,1312.5,353,0.4029587745666504,0.11247772739566009,1.5607603891597073
334,334,22300,1400.0,1767.5,354,0.34537739753723146,0.0,1.3453773975372314
335,335,26171,3692.5,2065.0,355,0.3357519626617432,0.04977218726742019,1.4022352594901675
336,336,11593,2677.5,910.0,357,0.3970948934555054,0.7240637042490911,2.408680597198388
337,337,24290,1575.0,1925.0,358,0.36825518608093266,0.6003065806293411,2.1896277782655402
338,338,20845,2887.5,1645.0,359,,,
339,339,16012,3010.0,1260.0,365,0.44437170028686523,0.7215115682928526,2.4865025909586556
340,340,20836,2730.0,1645.0,366,,,
341,341,20861,3167.5,1645.0,367,0.38255507946014405,0.18463049066375437,1.6378169021505362
342,342,16658,2765.0,1312.5,369,0.35682001113891604,0.0,1.356820011138916
343,343,17878,1015.0,1417.5,370,0.4429162979125977,0.8001563992994862,2.5974750073408863
344,344,25953,3727.5,2047.5,371,0.3537178993225098,0.04977218726742019,1.4210954001148484
345,345,16013,3027.5,1260.0,373,0.4456385612487793,0.7965714351243997,2.5971929446538917
346,346,16990,875.0,1347.5,374,0.4779638767242432,0.38489231790940415,2.0468208190230057
347,347,21727,2922.5,1715.0,375,,,
348,348,13152,3010.0,1032.5,377,0.421923828125,0.8274211150037964,2.598453627442654
349,349,19849,857.5,1575.0,378,0.3803726196289063,0.6500787678967613,2.277723551435691
350,350,17349,3307.5,1365.0,379,,,
351,351,17338,3115.0,1365.0,381,0.40708208084106445,0.4814352393033736,2.0845009791502713
352,352,16218,2765.0,1277.5,382,0.33702843189239506,0.13485830339633414,1.5173378178100647
353,353,17106,2905.0,1347.5,383,0.3950877666473389,0.935647220270879,2.70039775754483
354,354,8927,2222.5,700.0,384,0.30650389194488525,0.4133467351034815,1.8465430100802953
355,355,12056,3080.0,945.0,385,0.3326886177062989,0.04977218726742019,1.3990194451559361
356,356,22777,2047.5,1802.5,386,0.4133363246917725,0.15378081078435754,1.630680330613857
357,357,16887,2922.5,1330.0,387,0.7788735866546631,0.958322858471817,3.483608807077573
358,358,9122,1785.0,717.5,388,0.560358190536499,1.0,3.120716381072998
359,359,17561,3167.5,1382.5,389,0.402207612991333,0.2199444195252481,1.7106153524845953
360,360,24511,1592.5,1942.5,390,0.34700000286102295,0.15378081078435754,1.554142755427523
361,361,24359,2782.5,1925.0,391,0.4209037303924561,0.7080805402980578,2.427018011520272
362,362,11101,1767.5,875.0,392,0.5189143180847168,0.6901450315749666,2.567185488098963
363,363,15795,3062.5,1242.5,393,0.561368465423584,0.8816109035925632,2.9378879290666036
364,364,22958,1365.0,1820.0,394,0.46706666946411135,0.8536464151898939,2.7194228726967267
365,365,15788,2940.0,1242.5,395,0.38036875724792485,0.41750826304982214,1.9566841194547475
366,366,6490,1925.0,507.5,396,0.47686071395874025,0.814906221478658,2.6803636980211305
367,367,16675,3062.5,1312.5,397,0.38044970035552983,0.5223905793496345,2.1015836190872847
368,368,20615,2712.5,1627.5,398,0.40333633422851567,0.29980620178049017,1.8240652704141234
369,369,16449,2957.5,1295.0,399,0.5741814136505127,0.8630068024836741,2.932710681974272
370,370,9788,1890.0,770.0,400,0.36802244186401367,0.7078885882373838,2.3364299169121887
371,371,17123,3202.5,1347.5,401,0.5618306636810303,0.8261082327800172,2.852071833156207
372,372,21855,1312.5,1732.5,402,0.47587132453918457,0.2199444195252481,1.8004809863089144
373,373,21948,2940.0,1732.5,403,,,
374,374,7817,2047.5,612.5,404,0.33536098003387455,0.08508611612891395,1.4489816594550573
375,375,10936,2730.0,857.5,405,0.4858162879943848,0.812881211554762,2.6936084323270597
376,376,21635,1312.5,1715.0,406,0.38319833278656007,0.08508611612891395,1.5008893067593576
377,377,17780,3150.0,1400.0,407,0.33278942108154297,0.0,1.332789421081543
378,378,10022,2135.0,787.5,408,0.3849303007125855,0.36462823085321877,1.8899149861164317
379,379,12506,3255.0,980.0,409,0.3094498634338379,0.0,1.3094498634338378
380,380,18312,910.0,1452.5,410,0.3615679025650025,0.44652576984498354,1.9695430584540599
381,381,22418,3465.0,1767.5,411,0.36068172454833985,0.0,1.3606817245483398
382,382,9998,1715.0,787.5,412,0.3341573715209961,0.0,1.334157371520996
383,383,9851,2992.5,770.0,413,0.3836037874221802,0.13485830339633414,1.5701942467666778
384,384,22074,1295.0,1750.0,414,0.38745219707489015,0.15378081078435754,1.6008157208656049
385,385,22860,3500.0,1802.5,415,0.3784977197647095,0.15378081078435754,1.5904842167745146
386,386,9118,1715.0,717.5,416,0.2899791240692139,0.04977218726742019,1.3541842066034493
387,387,10717,2747.5,840.0,417,0.374822211265564,0.08508611612891395,1.491800493589916
388,388,19851,892.5,1575.0,418,0.4807191848754883,0.0,1.4807191848754884
389,389,21283,2852.5,1680.0,419,0.7388020992279053,0.0,1.7388020992279052
390,390,9780,1750.0,770.0,420,0.403204345703125,0.6653886553449485,2.3368805984647154
391,391,14014,2695.0,1102.5,421,0.47105174064636235,0.5640662072360781,2.3008223166407866
392,392,18750,875.0,1487.5,422,0.44976305961608887,0.04977218726742019,1.5219209381126888
393,393,25720,3500.0,2030.0,423,0.3169684410095215,0.0,1.3169684410095215
394,394,10004,1820.0,787.5,424,0.43352370262146,0.4952164230871206,2.1434281830442647
395,395,14702,3185.0,1155.0,425,0.32854671478271485,0.0,1.3285467147827148
396,396,23179,1382.5,1837.5,426,0.344536566734314,0.19756384352457407,1.61016837861768
397,397,22408,3290.0,1767.5,427,,,
398,398,9565,1837.5,752.5,428,0.5001736164093018,0.7080805402980578,2.562417361257291
399,399,17121,3167.5,1347.5,429,0.38757119178771976,0.4543470974564227,2.0180101352906195
400,400,17209,857.5,1365.0,430,0.3541590690612793,0.3100415709202341,1.7740046741089202
401,401,25942,3535.0,2047.5,431,,,
402,402,7585,1837.5,595.0,432,0.3363671779632569,0.11247772739566009,1.4866787211067156
403,403,16439,2782.5,1295.0,433,0.2988597869873047,0.11247772739566009,1.4449525840332478
404,404,19188,840.0,1522.5,434,0.3272161722183228,0.15378081078435754,1.5313165512681677
405,405,22165,2887.5,1750.0,435,0.5405864238739014,0.3707671759027161,2.111785301487693
406,406,11102,1785.0,875.0,436,0.6811885833740234,0.7587445563191014,2.956781269154886
407,407,12692,2660.0,997.5,437,0.38181681632995607,0.04977218726742019,1.4505928616816008
408,408,20295,962.5,1610.0,438,0.412431287765503,0.2199444195252481,1.723087667472385
409,409,18876,3080.0,1487.5,439,0.3554636716842652,0.15378081078435754,1.5639079741046136
410,410,10222,1785.0,805.0,440,0.38963601589202884,0.22976992745688463,1.7089325824550148
411,411,14921,3167.5,1172.5,441,0.6558995723724366,0.8314180877543877,3.0326444283476364
412,412,22737,1347.5,1802.5,442,0.397246789932251,0.6968403634922966,2.3709047509170853
413,413,19743,2852.5,1557.5,443,0.31785261631011963,0.3100415709202341,1.7264417117122497
414,414,9123,1802.5,717.5,444,0.9962375640869141,0.7760056191548377,3.5453291309863246
415,415,16243,3202.5,1277.5,445,0.4446921825408936,0.5258244624991416,2.204346672902171
416,416,22304,1470.0,1767.5,446,0.4423109531402588,0.7097947339574461,2.466055672408359
417,417,17337,3097.5,1365.0,447,0.4345879554748535,0.5989142785449425,2.2937831658373393
418,418,7581,1767.5,595.0,448,0.41097812652587895,0.9269977294121742,2.7189516460656122
419,419,16018,3115.0,1260.0,449,0.33058264255523684,0.37661367693590153,1.8316982640350528
420,420,18965,787.5,1505.0,450,0.4236037254333496,0.2388669269132715,1.7636555724698986
421,421,20859,3132.5,1645.0,451,,,
422,422,10000,1750.0,787.5,452,0.4366915225982666,0.5503034369103703,2.227307805264086
423,423,10494,2695.0,822.5,453,0.3464427709579468,0.0,1.3464427709579467
424,424,20072,910.0,1592.5,454,0.47799406051635746,0.7360843888328877,2.5659224152501783
425,425,20625,2887.5,1627.5,455,0.3703833818435669,0.45282219191131584,1.9909233885688125
426,426,10881,1767.5,857.5,456,0.48123083114624027,0.4984328512323955,2.2195249376477917
427,427,15357,3097.5,1207.5,457,0.34270653724670413,0.6737853170157336,2.247402487104573
428,428,24039,1032.5,1907.5,458,0.4674127578735352,0.0,1.4674127578735352
429,429,20835,2712.5,1645.0,459,0.3892742395401001,0.45585329203163005,2.022579475169194
430,430,11786,2205.0,927.5,460,0.3798904180526734,0.39755852525066715,1.9284776176612206
431,431,15799,3132.5,1242.5,461,0.40565147399902346,0.46169979306481546,2.0546404686656254
432,432,18531,892.5,1470.0,462,0.46021561622619633,0.7291757294984715,2.5249694034129933
433,433,20640,3150.0,1627.5,463,0.48910183906555177,0.7478672804349443,2.6027523817381804
434,434,8468,1890.0,665.0,464,0.4183616638183594,0.7539554695119228,2.4877431980002425
435,435,16444,2870.0,1295.0,465,0.3386173725128174,0.5736052428841675,2.1064553156019983
436,436,20291,892.5,1610.0,466,0.5184347629547119,0.11247772739566009,1.6892248542904258
437,437,25500,3500.0,2012.5,467,0.5877525329589844,0.19756384352457407,1.9014350259362396
438,438,9999,1732.5,787.5,468,0.32783730030059816,0.3100415709202341,1.7395220628122783
439,439,16670,2975.0,1312.5,469,0.41138706207275394,0.4045749101890025,1.9823988559527588
440,440,23180,1400.0,1837.5,470,0.3081709384918213,0.0,1.3081709384918212
441,441,16680,3150.0,1312.5,471,0.4133736610412598,0.7638418820926817,2.4929676583912395
442,442,15803,3202.5,1242.5,473,0.3806245088577271,0.15378081078435754,1.5929380652186238
443,443,20514,945.0,1627.5,474,0.45719299316406253,0.7291757294984715,2.519742756974529
444,444,25731,3692.5,2030.0,475,0.28072643280029297,0.04977218726742019,1.3444709886519641
445,445,12275,3062.5,962.5,477,0.39568634033203126,0.18463049066375437,1.6533725941602337
446,446,21055,2712.5,1662.5,478,0.37753746509552005,0.13485830339633414,1.563309830503189
447,447,20459,3832.5,1610.0,479,0.37652714252471925,0.0,1.3765271425247192
448,448,15578,3115.0,1225.0,481,0.40412268638610843,0.759629952454897,2.4707363358864303
449,449,22998,2065.0,1820.0,482,,,
450,450,25951,3692.5,2047.5,483,0.6075677871704102,0.0,1.6075677871704102
451,451,9349,1907.5,735.0,484,0.39100127220153813,0.6503860354358899,2.295689074914976
452,452,16886,2905.0,1330.0,485,0.7598811149597169,0.9981001443392138,3.516418709820867
453,453,19407,822.5,1540.0,486,0.5124896049499512,0.8079654235610532,2.7345289092450287
454,454,25952,3710.0,2047.5,487,,,
455,455,15584,3220.0,1225.0,489,0.3184593200683594,0.19756384352457407,1.5789392108718612
456,456,18527,822.5,1470.0,490,0.3641777038574219,0.13485830339633414,1.5481483945307406
457,457,26173,3727.5,2065.0,491,0.3016665935516358,0.04977218726742019,1.3664533870056328
458,458,11155,2712.5,875.0,493,0.4804386615753174,0.8153872932287487,2.6875695346284068
459,459,18101,1067.5,1435.0,494,0.3686339616775513,0.08508611612891395,1.4850857098788233
460,460,25732,3710.0,2030.0,495,,,
461,461,9787,1872.5,770.0,496,0.4772427558898926,0.6563751899630936,2.4468682504087247
462,462,16896,3080.0,1330.0,497,0.37445023059844973,0.5683310194272901,2.1555929313065403
463,463,21037,2397.5,1662.5,498,0.5626837730407716,0.11247772739566009,1.7384508924704731
464,464,23057,3097.5,1820.0,499,0.5831801891326904,0.0,1.5831801891326904
465,465,15790,2975.0,1242.5,501,0.38824923038482667,0.24733603079199423,1.7316132847782504
466,466,20376,2380.0,1610.0,502,0.48484616279602055,0.683532762421504,2.4997871622229546
467,467,25940,3500.0,2047.5,503,0.3293606996536255,0.0,1.3293606996536256
468,468,16669,2957.5,1312.5,505,0.3827762365341187,0.7499304099707303,2.4197621864959338
469,469,20734,945.0,1645.0,506,0.3391069173812866,0.48851912675525355,1.9932862592923122
470,470,25941,3517.5,2047.5,507,0.3598923683166504,0.0,1.3598923683166504
471,471,16010,2975.0,1260.0,509,0.3806355953216553,0.5474975246230862,2.1365301661667826
472,472,21618,1015.0,1715.0,510,0.39080424308776857,0.04977218726742019,1.4600276123270555
473,473,24582,2835.0,1942.5,511,0.40683927536010744,0.262700221854333,1.7764162651105966
474,474,10663,1802.5,840.0,512,0.44043931961059574,0.6275134615109039,2.344334383155852
475,475,17559,3132.5,1382.5,513,0.39204509258270265,0.5266681312344688,2.125190880087348
476,476,25597,1347.5,2030.0,514,0.41160449981689456,0.4659088905981833,2.0692835862899877
477,477,16226,2905.0,1277.5,515,0.3732273578643799,0.4873665049741459,2.0424923758016233
478,478,11324,1820.0,892.5,516,0.45061864852905276,0.0,1.4506186485290526
479,479,16454,3045.0,1295.0,517,0.37855324745178226,0.5741775204604755,2.170087532896383
480,480,22057,997.5,1750.0,518,0.32883586883544924,0.11247772739566009,1.4783003074438978
481,481,21066,2905.0,1662.5,519,0.4772182941436768,0.885287803500409,2.7849816330567534
482,482,8681,1767.5,682.5,520,0.42613248825073247,0.8711968926053965,2.6685746804583728
483,483,10072,3010.0,787.5,521,0.44594564437866213,0.5615609505310445,2.257932254852167
484,484,21065,2887.5,1662.5,522,0.4032981872558594,0.8180000068130434,2.551196113991884
485,485,23278,3115.0,1837.5,523,0.36381192207336427,0.0,1.3638119220733642
486,486,8908,1890.0,700.0,524,1.21915922164917,0.9940606338806125,4.4251380442037505
487,487,9852,3010.0,770.0,525,0.4748887538909912,0.04977218726742019,1.5482971931482656
488,488,20073,927.5,1592.5,526,0.4019650459289551,0.697678273351791,2.380085598472233
489,489,19744,2870.0,1557.5,527,0.31325554847717285,0.4802138031780621,1.943898989956088
490,490,7801,1767.5,612.5,528,0.47333502769470215,0.9281846909034729,2.840862044972769
491,491,12066,3255.0,945.0,529,0.42206592559814454,0.18463049066375437,1.6846226551975358
492,492,22303,1452.5,1767.5,530,0.40066604614257817,0.04977218726742019,1.4703802588903034
493,493,21504,2870.0,1697.5,531,0.46546173095703125,0.9774343186248184,2.897854319425764
494,494,7816,2030.0,612.5,532,0.33599762916564946,0.3194887940600885,1.7628339005749203
495,495,19096,3080.0,1505.0,533,0.3599742650985718,0.11247772739566009,1.5129410797534422
496,496,20735,962.5,1645.0,534,0.40088720321655275,0.18463049066375437,1.6595336949109993
497,497,23277,3097.5,1837.5,535,0.27795956134796146,0.25525834838674183,1.6041694082826874
498,498,6483,1802.5,507.5,536,,,
499,499,12035,2712.5,945.0,537,0.3302295207977295,0.0,1.3302295207977295
500,500,20818,2415.0,1645.0,538,0.5921919345855713,0.7595038576130051,2.801467850963626
501,501,20182,2835.0,1592.5,539,0.35956974029541017,0.7082721926676486,2.3225151813390257
502,502,8683,1802.5,682.5,540,0.9843356132507325,0.8148258592382835,3.601223584334887
503,503,12285,3237.5,962.5,541,0.4546817302703858,0.35480272292158227,1.9708067691545974
504,504,20074,945.0,1592.5,542,0.4031253814697266,0.6885812738954042,2.369291244077126
505,505,22419,3482.5,1767.5,543,,,
506,506,8024,1820.0,630.0,544,,,
507,507,10713,2677.5,840.0,545,0.40524015426635746,0.6391458586301288,2.3033935792464635
508,508,25596,1330.0,2030.0,546,0.4034337043762207,0.19756384352457407,1.6807014611447177
509,509,18874,3045.0,1487.5,547,0.448668909072876,0.764206676767654,2.555751361812081
510,510,8685,1837.5,682.5,548,0.5407481670379639,0.7663729680072346,2.7215359127625547
511,511,15142,3185.0,1190.0,549,0.36045675277709965,0.04977218726742019,1.4281696610455479
512,512,20733,927.5,1645.0,550,0.3700577735900879,0.2199444195252481,1.6713943353184133
513,513,16684,3220.0,1312.5,551,0.3968632221221924,0.19756384352457407,1.6728328891627737
514,514,12467,2572.5,980.0,552,0.3475968360900879,0.0,1.3475968360900878
515,515,12933,3027.5,1015.0,553,0.3705049753189087,0.4432521540360664,1.9779842577461608
516,516,20068,840.0,1592.5,554,0.38294410705566406,0.22976992745688463,1.7007030742107703
517,517,22848,3290.0,1802.5,555,0.36773850917816164,0.0,1.3677385091781615
518,518,10461,2117.5,822.5,556,0.3154968023300171,0.2092634843144959,1.590782246790174
519,519,12477,2747.5,980.0,557,0.3013550996780396,0.08508611612891395,1.4120823508141997
520,520,24302,1785.0,1925.0,558,0.40857901573181155,0.46169979306481546,2.05891965581063
521,521,22406,3255.0,1767.5,559,,,
522,522,9567,1872.5,752.5,560,0.7343900203704834,0.9464257545284679,3.3758614040462627
523,523,15786,2905.0,1242.5,561,0.34715468883514405,0.11247772739566009,1.4986795866857285
524,524,17659,1032.5,1400.0,562,0.5516624450683594,0.8424263030007595,2.8588237021724163
525,525,22163,2852.5,1750.0,563,0.42516255378723145,0.7197801810879796,2.450966314832012
526,526,9558,1715.0,752.5,564,0.4325121402740479,0.13485830339633414,1.6256982971060576
527,527,12054,3045.0,945.0,565,0.32979037761688235,0.17017223225782788,1.5560837746109268
528,528,22073,1277.5,1750.0,566,,,
529,529,23690,2625.0,1872.5,567,0.5683804512023926,0.7597559179023669,2.7599667805257946
530,530,6929,1907.5,542.5,568,0.3501396894454956,0.13485830339633414,1.5322172373121687
531,531,12932,3010.0,1015.0,569,0.3293445348739624,0.11247772739566009,1.4788661870824265
532,532,24478,1015.0,1942.5,570,0.38176717758178713,0.25525834838674183,1.7344747851863238
533,533,22628,3290.0,1785.0,571,0.388990330696106,0.13485830339633414,1.576307210127696
534,534,7800,1750.0,612.5,572,0.3705133438110352,0.6198865792399607,2.2200761723087776
535,535,16890,2975.0,1330.0,573,0.34639549255371094,0.2199444195252481,1.6425276676148473
536,536,24744,1820.0,1960.0,574,0.3500569581985474,0.7434903327472332,2.3538112552773027
537,537,24371,2992.5,1925.0,575,,,
538,538,8689,1907.5,682.5,576,2.123213768005371,0.9407087164252627,6.061248182827412
539,539,13795,2712.5,1085.0,577,0.3551102161407471,0.13485830339633414,1.537858080804528
540,540,24258,1015.0,1925.0,578,0.42843141555786135,0.4215333225910147,2.030562856251353
541,541,20420,3150.0,1610.0,579,0.44745903015136723,0.2697166067926683,1.8378627682352007
542,542,9562,1785.0,752.5,580,0.6336114406585693,0.8500191460087029,3.022212442357213
543,543,17107,2922.5,1347.5,581,0.4608618259429932,0.9756689826830677,2.8861793975013215
544,544,24040,1050.0,1907.5,582,,,
545,545,16884,2870.0,1330.0,583,0.3408140897750855,0.5736052428841675,2.1099120814030377
546,546,7362,1785.0,577.5,584,0.3827394485473633,0.08508611612891395,1.5003913778424947
547,547,16233,3027.5,1277.5,585,0.5030167102813721,0.8358321657635429,2.7592864224146467
548,548,25626,1855.0,2030.0,586,0.3312109470367432,0.3581660379071525,1.8080054975555218
549,549,24809,2957.5,1960.0,587,0.3846566677093506,0.04977218726742019,1.4535740586756623
550,550,11322,1785.0,892.5,588,0.4231930732727051,0.6578279089034811,2.3594091966296076
551,551,11374,2695.0,892.5,589,0.4742292881011963,0.8473962424118151,2.723485647291595
552,552,22305,1487.5,1767.5,590,0.44777860641479494,0.41121184098348984,2.0431223124951337
553,553,21508,2940.0,1697.5,591,0.32532963752746585,0.25525834838674183,1.6636310918707262
554,554,8693,1977.5,682.5,592,0.43222961425781253,0.5577045082111282,2.23099052692288
555,555,10934,2695.0,857.5,593,0.41636037826538086,0.6263992028665718,2.3035673901826113
556,556,22299,1382.5,1767.5,594,0.3712461948394776,0.04977218726742019,1.4394961172387655
557,557,20626,2905.0,1627.5,595,0.38843295574188236,0.3239530430421854,1.838220036814521
558,558,10246,2205.0,805.0,596,0.3996396780014038,0.29434960044340985,1.8116230579858599
559,559,16665,2887.5,1312.5,597,0.36781077384948735,0.9071692893677387,2.608646701552064
560,560,22738,1365.0,1802.5,598,0.4040547370910645,0.551682702182791,2.1786474484620113
561,561,15796,3080.0,1242.5,599,0.6429574966430665,0.8838302330657041,3.095053003818154
562,562,8023,1802.5,630.0,600,0.30990831851959233,0.0,1.3099083185195923
563,563,11835,3062.5,927.5,601,,,
564,564,20380,2450.0,1610.0,602,0.3913655042648316,0.44489987431656824,2.010383842240664
565,565,21506,2905.0,1697.5,603,0.46899189949035647,0.3403444645156558,1.9689551609002376
566,566,8465,1837.5,665.0,604,0.3189018964767456,0.13485830339633414,1.4967667685818071
567,567,10293,3027.5,805.0,605,0.3349808692932129,0.04977218726742019,1.401425787118098
568,568,19630,875.0,1557.5,606,0.30881562232971194,0.13485830339633414,1.485320276615714
569,569,21285,2887.5,1680.0,607,0.3918799877166748,0.43466450517682437,1.9968808138430676
570,570,6705,1837.5,525.0,608,0.4120072841644287,0.0,1.4120072841644287
571,571,13153,3027.5,1032.5,609,0.4630741596221924,0.8454699296089448,2.700059366370634
572,572,22735,1312.5,1802.5,610,0.4298584938049317,0.0,1.4298584938049317
573,573,23059,3132.5,1820.0,611,,,
574,574,10460,2100.0,822.5,612,0.4219644069671631,0.08508611612891395,1.5429538356295536
575,575,13812,3010.0,1085.0,613,0.28209714889526366,0.2697166067926683,1.6279000414738487
576,576,21853,1277.5,1732.5,614,0.38738102912902833,0.19756384352457407,1.6614773576768382
577,577,22407,3272.5,1767.5,615,0.30099489688873293,0.0,1.3009948968887328
578,578,6710,1925.0,525.0,616,0.5048674583435059,0.795164236093992,2.701484241279927
579,579,12027,2572.5,945.0,617,0.48798499107360843,0.4045749101890025,2.0899863851997975
580,580,25389,1557.5,2012.5,618,0.4447314739227295,0.5036130847579058,2.172317148151791
581,581,21723,2852.5,1715.0,619,0.43290252685546876,0.5340110499866748,2.198088309750117
582,582,8688,1890.0,682.5,620,1.933629035949707,0.9322972567447287,5.668643338472302
583,583,10073,3027.5,787.5,621,0.35669205188751224,0.08508611612891395,1.4721277093655878
584,584,24479,1032.5,1942.5,622,0.36030464172363286,0.3194887940600885,1.794906731262257
585,585,23497,3097.5,1855.0,623,,,
586,586,6928,1890.0,542.5,624,0.41822371482849124,0.13485830339633414,1.6094829588467081
587,587,14233,2677.5,1120.0,625,0.36364727020263676,0.11247772739566009,1.517027216124325
588,588,25829,1557.5,2047.5,626,0.4003504276275635,0.45585329203163005,2.0387047800594895
589,589,22603,2852.5,1785.0,627,0.40170860290527344,0.36462823085321877,1.91281113095436
590,590,11320,1750.0,892.5,628,0.4416387557983399,0.0,1.4416387557983399
591,591,11156,2730.0,875.0,629,0.4625330448150635,0.8845156246720346,2.756166374553152
592,592,24291,1592.5,1925.0,630,0.3657946825027466,0.7254034536221355,2.3565468621289867
593,593,16664,2870.0,1312.5,631,0.33225874900817876,0.6117542473633827,2.147273697300959
594,594,8250,1925.0,647.5,632,0.4380057334899903,0.716779591139659,2.4687388951974305
595,595,10292,3010.0,805.0,633,0.3827793836593628,0.3513446543089315,1.8686115281966789
596,596,19853,927.5,1575.0,634,0.4414556503295899,0.7649330298797888,2.5440726883735447
597,597,24140,2800.0,1907.5,635,0.37955899238586427,0.5431646047620937,2.1288866072311246
598,598,6709,1907.5,525.0,636,0.4000947952270508,0.7977780937112111,2.517059751978276
599,599,14475,3062.5,1137.5,637,0.44258170127868657,0.3282606189745676,1.916124463461813
600,600,24071,1592.5,1907.5,638,0.4542084693908692,0.8342640654009719,2.6674023390054207
601,601,23058,3115.0,1820.0,639,0.2927541732788086,0.17017223225782788,1.5127450367062862
602,602,6264,1820.0,490.0,640,0.2989665508270264,0.04977218726742019,1.363618957248904
603,603,11153,2677.5,875.0,641,0.5008542537689209,0.679726152975973,2.5210241418608943
604,604,20599,2432.5,1627.5,642,0.8656142234802247,0.25525834838674183,2.3418278288926007
605,605,19742,2835.0,1557.5,643,0.2898929357528687,0.15378081078435754,1.4882537172379597
606,606,7818,2065.0,612.5,644,0.3064642429351807,0.04977218726742019,1.3714898258927388
607,607,16440,2800.0,1295.0,645,0.32434327602386476,0.0,1.3243432760238647
608,608,22956,1330.0,1820.0,646,0.5309535503387451,0.2388669269132715,1.8966477201551235
609,609,24362,2835.0,1925.0,647,0.4193601131439209,0.5005312496429501,2.129794204269207
610,610,10493,2677.5,822.5,648,0.35424835681915284,0.17017223225782788,1.5847038227305634
611,611,13794,2695.0,1085.0,649,,,
612,612,25608,1540.0,2030.0,650,0.45055804252624515,0.758108197621865,2.5502379856917177
613,613,22164,2870.0,1750.0,651,0.4355184078216553,0.5283382701649804,2.1939577202001352
614,614,10241,2117.5,805.0,652,0.4909202575683594,0.8473962424118151,2.7543204815674427
615,615,15805,3237.5,1242.5,653,0.45859985351562504,0.04977218726742019,1.5311975585730364
616,616,21634,1295.0,1715.0,654,0.4097900390625,0.5206369306997336,2.1437787979310574
617,617,17560,3150.0,1382.5,655,0.44900074005126955,0.5741775204604755,2.2809843921193016
618,618,8475,2012.5,665.0,656,0.40716009140014653,0.27635353758715564,1.796033760610042
619,619,13372,3010.0,1050.0,657,0.4747054100036621,0.262700221854333,1.8621108483814093
620,620,20157,2397.5,1592.5,658,0.6924303531646729,0.6623643444902974,2.813435874634074
621,621,21284,2870.0,1680.0,659,0.4743039131164551,0.6286176967032997,2.4010774432203825
622,622,8474,1995.0,665.0,660,0.42419300079345706,0.5881909048487933,2.261890370609479
623,623,16231,2992.5,1277.5,661,0.4014103412628174,0.7299806721715754,2.4244128041660455
624,624,22525,1487.5,1785.0,662,0.5628050804138184,0.0,1.5628050804138183
625,625,21726,2905.0,1715.0,663,0.48182382583618166,0.7597559179023669,2.6076482468039464
626,626,7804,1820.0,612.5,664,0.3615999221801758,0.08508611612891395,1.4774531712799186
627,627,12250,2625.0,962.5,665,0.3792826414108277,0.08508611612891395,1.4966404444125048
628,628,25832,1610.0,2047.5,666,0.39238958358764653,0.22976992745688463,1.712318837200302
629,629,18875,3062.5,1487.5,667,0.3429355382919312,0.5496079488301516,2.0810235849036753
630,630,8694,1995.0,682.5,668,0.5099192142486573,0.6158877462382948,2.4398599561141596
631,631,12470,2625.0,980.0,669,0.4707781314849854,0.652816873637409,2.4309269130952837
632,632,22519,1382.5,1785.0,670,0.43232731819152836,0.7037866637482898,2.440380182857079
633,633,16015,3062.5,1260.0,671,1.2115805625915528,0.8841048491036992,4.166849662162231
634,634,8903,1802.5,700.0,672,1.8157003402709961,0.7954469693885529,5.055440642645877
635,635,10932,2660.0,857.5,673,0.38905298709869385,0.630436297636735,2.264762409506442
636,636,20819,2432.5,1645.0,674,0.6778099536895752,0.04977218726742019,1.7613182249037542
637,637,24138,2765.0,1907.5,675,0.40532975196838383,0.11247772739566009,1.5633980487112944
638,638,8251,1942.5,647.5,676,0.3973482847213745,0.30503053565416205,1.82358218050536
639,639,10933,2677.5,857.5,677,0.49682016372680665,0.8102394780153997,2.7096029518677396
640,640,25595,1312.5,2030.0,678,0.4428635120391846,0.15378081078435754,1.664748232771736
641,641,21068,2940.0,1662.5,679,0.4351831436157227,0.29434960044340985,1.8576287285021276
642,642,8691,1942.5,682.5,680,0.3620951175689697,0.49629795711240376,2.038100141811229
643,643,9621,2817.5,752.5,681,0.31077628135681157,0.11247772739566009,1.4582094186079602
644,644,24480,1050.0,1942.5,682,,,
645,645,20622,2835.0,1627.5,683,0.31698474884033206,0.22976992745688463,1.6195882390431988
646,646,9341,1767.5,735.0,684,0.4638731956481934,0.8152271453680848,2.657262362117326
647,647,12226,2205.0,962.5,685,,,
648,648,24038,1015.0,1907.5,686,,,
649,649,23467,2572.5,1855.0,687,0.36315877437591554,0.04977218726742019,1.4310061681693804
650,650,8470,1925.0,665.0,688,0.9284302711486817,0.8330920225727049,3.5349901461303666
651,651,16235,3062.5,1277.5,689,0.600295639038086,0.6552005081014544,2.648810154848382
652,652,24745,1837.5,1960.0,690,0.5290446281433105,0.08508611612891395,1.6591450969398045
653,653,24580,2800.0,1942.5,691,0.45917453765869143,0.813125983954485,2.645667269353745
654,654,8910,1925.0,700.0,692,0.4028568744659424,0.5348004631110467,2.1531053806088436
655,655,14015,2712.5,1102.5,693,0.34627909660339357,0.04977218726742019,1.4132863519137508
656,656,22059,1032.5,1750.0,694,0.4172125816345215,0.04977218726742019,1.487750351645379
657,657,22604,2870.0,1785.0,695,0.40035490989685063,0.5085835337059398,2.1125523584146535
658,658,8687,1872.5,682.5,696,0.729467010498047,0.9561559743467051,3.38310722502129
659,659,9400,2800.0,735.0,697,0.3989207029342652,0.5258244624991416,2.134507429633597
660,660,21617,997.5,1715.0,698,0.3188958168029785,0.13485830339633414,1.4967598690135506
661,661,24591,2992.5,1942.5,699,0.31733407974243166,0.0,1.3173340797424316
662,662,9127,1872.5,717.5,700,0.5904726982116699,0.7299806721715754,2.7514870275227636
663,663,16016,3080.0,1260.0,701,0.6704003810882568,0.8821230554812032,3.143899069130796
664,664,18320,1050.0,1452.5,702,0.37841482162475587,0.08508611612891395,1.4956987852113361
665,665,24142,2835.0,1907.5,703,0.36724624633789066,0.2092634843144959,1.6533609597624732
666,666,9348,1890.0,735.0,704,0.42147369384765626,0.9050676248080015,2.708003513665411
667,667,12251,2642.5,962.5,705,0.41695780754089357,0.36143965371606956,1.9291025468287553
668,668,23908,2590.0,1890.0,706,0.4510682582855225,0.17017223225782788,1.6979997829564482
669,669,22385,2887.5,1767.5,707,0.35724151134490967,0.828576448876147,2.4818198630823693
670,670,7805,1837.5,612.5,708,0.370100736618042,0.11247772739566009,1.5242065537759593
671,671,9181,2817.5,717.5,709,0.47837491035461427,0.545350181507821,2.2846069360531116
672,672,24740,1750.0,1960.0,710,0.5014365673065185,0.282649959653488,1.9258175524779775
673,673,22605,2887.5,1785.0,711,0.3775485515594483,0.6248976145060327,2.238375355295188
674,674,8686,1855.0,682.5,712,0.46526355743408204,0.9086006115296532,2.796602921770804
675,675,12475,2712.5,980.0,713,0.3678182363510132,0.08508611612891395,1.4842005776524219
676,676,25817,1347.5,2047.5,714,0.38075687885284426,0.5829887146241015,2.18572255686365
677,677,23471,2642.5,1855.0,715,0.37738952636718753,0.3282606189745676,1.829532264861567
678,678,10005,1837.5,787.5,716,0.38962268829345703,0.6794842744390174,2.3338494523925335
679,679,12029,2607.5,945.0,717,0.4830148220062256,0.11247772739566009,1.6498209588795651
680,680,22517,1347.5,1785.0,718,0.3946656465530396,0.15378081078435754,1.609138460453056
681,681,21725,2887.5,1715.0,719,0.48987364768981934,0.8078803848892853,2.693513343621874
682,682,8243,1802.5,647.5,720,0.29517054557800293,0.11247772739566009,1.4408483851344138
683,683,12255,2712.5,962.5,721,0.3628466606140137,0.08508611612891395,1.4788059898449204
684,684,25815,1312.5,2047.5,722,,,
685,685,17110,2975.0,1347.5,723,0.35194475650787355,0.11247772739566009,1.5040084302843582
686,686,8464,1820.0,665.0,724,0.42556238174438477,0.55372297049907,2.214929018395615
687,687,9620,2800.0,752.5,725,0.3920855283737183,0.42733377098145864,1.9869706867423758
688,688,26036,1330.0,2065.0,726,0.4415770053863526,0.7368454161792148,2.5037964138746456
689,689,19316,3080.0,1522.5,727,0.38588943481445315,0.3194887940600885,1.8286655790439403
690,690,10443,1802.5,822.5,728,0.379208779335022,0.5124198871103726,2.085942786343509
691,691,16667,2922.5,1312.5,729,1.0634088516235352,0.9999110418703094,4.126634146254843
692,692,22085,1487.5,1750.0,730,0.4357137680053711,0.46169979306481546,2.0985825175937576
693,693,21287,2922.5,1680.0,731,0.4515234470367432,0.9103850642901292,2.7729687136859185
694,694,9782,1785.0,770.0,732,0.4436980247497559,0.7162423766376518,2.4777357291436046
695,695,12036,2730.0,945.0,733,0.4251471042633057,0.5197506213057383,2.165868197156233
696,696,25391,1592.5,2012.5,734,0.6235281944274903,0.866010091558794,3.029519994731925
697,697,24369,2957.5,1925.0,735,0.4055339336395264,0.0,1.4055339336395263
698,698,7582,1785.0,595.0,736,0.3443774461746216,0.6543120604273077,2.22401982297314
699,699,9182,2835.0,717.5,737,0.4594080448150635,0.8352209446611023,2.678336210651513
700,700,21619,1032.5,1715.0,738,,,
701,701,22383,2852.5,1767.5,739,0.34864530563354496,0.6867693839106511,2.2748536112974866
702,702,9342,1785.0,735.0,740,0.6518430709838867,0.9838674608392581,3.2770377189377258
703,703,10071,2992.5,787.5,741,0.4795304298400879,0.5730302848410497,2.327346173482354
704,704,18842,2485.0,1487.5,742,0.46724739074707033,0.11247772739566009,1.6322800427855126
705,705,23498,3115.0,1855.0,743,0.3363821029663086,0.04977218726742019,1.4028967632559763
706,706,8900,1750.0,700.0,744,0.3988063335418701,0.6104865598375799,2.2527587999848646
707,707,20402,2835.0,1610.0,745,0.3168968677520752,0.5036130847579058,1.9801033616287214
708,708,22960,1400.0,1820.0,746,0.4209335803985596,0.4045749101890025,1.9958076560728448
709,709,24590,2975.0,1942.5,747,,,
710,710,7360,1750.0,577.5,748,0.26377263069152834,0.0,1.2637726306915282
711,711,13591,2992.5,1067.5,749,0.3570255994796753,0.08508611612891395,1.4724896372269123
712,712,20160,2450.0,1592.5,750,0.4678684234619141,0.27635353758715564,1.873519054998095
713,713,24811,2992.5,1960.0,751,,,
714,714,12691,2642.5,997.5,752,0.38894162178039554,0.5628199699554569,2.1706657036207218
715,715,15791,2992.5,1242.5,753,0.3378488540649414,0.392647737697629,1.863152179994906
716,716,22778,2065.0,1802.5,754,0.7353808403015137,0.04977218726742019,1.8217545404652937
717,717,23279,3132.5,1837.5,755,0.30198106765747074,0.11247772739566009,1.4484249392597583
718,718,8692,1960.0,682.5,756,0.40680742263793945,0.4699784340383181,2.0679765721228005
719,719,20183,2852.5,1592.5,757,0.5253463745117187,0.9847566886301351,3.027441419289861
720,720,22996,2030.0,1820.0,758,0.4796658039093018,0.08508611612891395,1.6055648203327115
721,721,24139,2782.5,1907.5,759,0.3828452587127686,0.24733603079199423,1.7248727162023132
722,722,9778,1715.0,770.0,760,0.3102028608322144,0.17017223225782788,1.5331630063706243
723,723,12037,2747.5,945.0,761,0.3514936447143555,0.262700221854333,1.7065313250155378
724,724,25612,1610.0,2030.0,762,0.42151451110839844,0.7510167296071246,2.4890956903300983
725,725,24578,2765.0,1942.5,763,0.37464437484741214,0.6322283487013984,2.243733518008858
726,726,10882,1785.0,857.5,764,0.46832752227783203,0.6785119658482988,2.4646053159277255
727,727,16020,3150.0,1260.0,765,0.5292603492736817,0.790353537492402,2.7379166760690024
728,728,23178,1365.0,1837.5,766,0.4429858684539795,0.7127843080250011,2.471523552189805
729,729,24579,2782.5,1942.5,767,0.4477550506591797,0.7686188785504179,2.5605269141125415
730,730,7598,2065.0,595.0,768,0.35942385196685794,0.11247772739566009,1.5123287574035444
731,731,14013,2677.5,1102.5,769,0.5570768356323242,0.0,1.5570768356323241
732,732,24510,1575.0,1942.5,770,0.504597520828247,0.775563662537779,2.6715086847270646
733,733,23230,2275.0,1837.5,771,,,
734,734,6485,1837.5,507.5,772,0.34436151981353763,0.0,1.3443615198135377
735,735,18622,2485.0,1470.0,773,,,
736,736,25831,1592.5,2047.5,774,0.43314809799194337,0.621838183427916,2.324334307830426
737,737,19962,2835.0,1575.0,775,0.36952316761016846,0.36462823085321877,1.8688899773283603
738,738,10442,1785.0,822.5,776,0.6184062480926514,0.7473112055642456,2.8278593724474783
739,739,18402,2485.0,1452.5,777,0.3592642545700073,0.0,1.3592642545700073
740,740,22957,1347.5,1820.0,778,0.5254525184631348,0.7988815017499977,2.7441083172612797
741,741,23911,2642.5,1890.0,779,0.5767557621002197,0.392647737697629,2.1958653449905716
742,742,8699,2082.5,682.5,780,0.4982959747314453,0.7607590149472427,2.6381381445675585
743,743,12007,2222.5,945.0,781,0.4304374217987061,0.5386731286937617,2.2009756231996533
744,744,24072,1610.0,1907.5,782,0.433885669708252,0.8033751703410522,2.585833813859713
745,745,21054,2695.0,1662.5,783,0.36558074951171876,0.13485830339633414,1.5497406525415636
746,746,9559,1732.5,752.5,784,0.40474839210510255,0.5907115954279641,2.234549555980375
747,747,8929,2257.5,700.0,785,0.4516014099121094,0.0,1.4516014099121093
748,748,20379,2432.5,1610.0,786,0.7271011829376222,0.7593776331105847,3.0386231913792843
749,749,18844,2520.0,1487.5,787,0.4177280902862549,0.08508611612891395,1.5383570672155746
750,750,8701,2117.5,682.5,788,0.30811791419982915,0.04977218726742019,1.3732258039932501
751,751,11157,2747.5,875.0,789,0.3674319744110108,0.44652576984498354,1.9780255894955334
752,752,24082,1785.0,1907.5,790,0.43294854164123536,0.6910297440012609,2.4231586055385583
753,753,16234,3045.0,1277.5,791,0.4599318504333496,0.8583030347567306,2.712995788198303
754,754,8679,1732.5,682.5,792,0.38641178607940674,0.04977218726742019,1.4554165331259095
755,755,16239,3132.5,1277.5,793,0.5331802368164062,0.7732169186278167,2.718661135228654
756,756,25816,1330.0,2047.5,794,0.41197843551635743,0.49079240131095064,2.1049667224827098
757,757,23469,2607.5,1855.0,795,0.46961550712585454,0.6879049453647395,2.4805712822624395
758,758,9121,1767.5,717.5,796,0.6140786647796631,0.9636501720138518,3.1694858477384735
759,759,15797,3097.5,1242.5,797,0.5437509059906006,0.8772416589067791,2.897993511700638
760,760,21633,1277.5,1715.0,798,0.37185673713684086,0.727713396043273,2.370175262203535
761,761,23232,2310.0,1837.5,799,0.2777403831481934,0.13485830339633414,1.4500542834005405
762,762,6489,1907.5,507.5,800,0.3529298782348633,0.17017223225782788,1.5831609757024012
763,763,11595,2712.5,910.0,801,,,
764,764,25610,1575.0,2030.0,802,0.5991575241088868,0.8241121998940503,2.9170427492793842
765,765,20403,2852.5,1610.0,803,0.4945090770721436,0.9069037946791937,2.8498850302513703
766,766,11100,1750.0,875.0,804,0.36363649368286133,0.3148560435857986,1.7929856849730579
767,767,10247,2222.5,805.0,805,0.3840035676956177,0.28863911418069166,1.7834811314981978
768,768,24304,1820.0,1925.0,806,0.4621444702148438,0.4602640653789071,2.1351170282472163
769,769,24126,2555.0,1907.5,807,0.41180138587951665,0.5348004631110467,2.1668334208686995
770,770,11323,1802.5,892.5,808,0.40994930267333984,0.41121184098348984,1.9897371511190316
771,771,10024,2170.0,787.5,809,0.4674720287322998,0.8544639950195562,2.7213740409823535
772,772,24344,2520.0,1925.0,810,0.4441994667053223,0.29980620178049017,1.8771794234316541
773,773,23687,2572.5,1872.5,811,0.43375229835510254,0.19756384352457407,1.7170099130803285
774,774,9563,1802.5,752.5,812,0.8846559524536133,0.9194530618134225,3.61750863840198
775,775,10935,2712.5,857.5,813,0.4137939453125,0.39994215971471253,1.9792297491923654
776,776,22075,1312.5,1750.0,814,0.34653937816619873,0.11247772739566009,1.497995067271098
777,777,22790,2275.0,1802.5,815,,,
778,778,10662,1785.0,840.0,816,0.5096804141998291,0.6656599335057151,2.5146141783309677
779,779,11375,2712.5,892.5,817,0.4916146278381348,0.6485307862508651,2.458972635213292
780,780,22955,1312.5,1820.0,818,0.5046274185180665,0.04977218726742019,1.5795160161602428
781,781,24345,2537.5,1925.0,819,0.4753943920135498,0.6890300982264503,2.4919855348653996
782,782,11104,1820.0,875.0,820,0.3184195995330811,0.04977218726742019,1.3840402267380785
783,783,10243,2152.5,805.0,821,0.32725875377655034,0.08508611612891395,1.4401900462334996
784,784,26037,1347.5,2065.0,822,0.396612286567688,0.5386731286937617,2.1489297965452527
785,785,20158,2415.0,1592.5,823,0.8725818634033203,0.7597559179023669,3.295287015880634
786,786,9125,1837.5,717.5,824,1.7072494506835938,0.7591247940556186,4.7623896323909625
787,787,12690,2625.0,997.5,825,0.40908155441284183,0.5701143919725404,2.2124192280466413
788,788,24959,1732.5,1977.5,826,0.467348861694336,0.5683310194272901,2.3012887361165517
789,789,21288,2940.0,1680.0,827,0.44898810386657717,0.18463049066375437,1.7165154884494063
790,790,10224,1820.0,805.0,828,0.43552513122558595,0.6179034453523544,2.3225410556997663
791,791,11594,2695.0,910.0,829,0.4038568019866944,0.80838973548643,2.5387202308055437
792,792,22736,1330.0,1802.5,830,0.6237645149230957,0.8617517009475785,3.0230463475963933
793,793,23691,2642.5,1872.5,831,0.41410856246948247,0.7460507496976925,2.469105315653766
794,794,8481,2117.5,665.0,832,0.3484174489974976,0.04977218726742019,1.415531134783658
795,795,12008,2240.0,945.0,833,0.4310356616973877,0.0,1.4310356616973876
796,796,22959,1382.5,1820.0,834,0.5958174228668213,0.8737103571121666,2.990099633285609
797,797,21064,2870.0,1662.5,835,0.6153307914733888,0.8237389757762287,2.945941723181483
798,798,9347,1872.5,735.0,836,0.6874889850616456,0.9312741773317644,3.259003901381344
799,799,10020,2100.0,787.5,837,0.4205029487609864,0.5105166967734837,2.1456934219194386
800,800,23861,1767.5,1890.0,838,0.36634454727172855,0.15378081078435754,1.5764621195619608
801,801,23689,2607.5,1872.5,839,0.6847161293029785,0.7606340751728053,2.966168624244058
802,802,9786,1855.0,770.0,840,0.5869077682495117,0.40228038884523204,2.2252896423224446
803,803,8921,2117.5,700.0,841,0.3114294290542603,0.04977218726742019,1.376702140185155
804,804,22298,1365.0,1767.5,842,0.3524321794509888,0.04977218726742019,1.4197456871531087
805,805,23910,2625.0,1890.0,843,0.5430336475372315,0.6991309922921786,2.6218162926801556
806,806,8248,1890.0,647.5,844,0.3747091293334961,0.13485830339633414,1.5601000701788632
807,807,8479,2082.5,665.0,845,0.4175761699676514,0.3821943341883284,1.9593657504096784
808,808,22740,1400.0,1802.5,846,0.3637582778930664,0.08508611612891395,1.4797951730976435
809,809,23468,2590.0,1855.0,847,0.42469210624694825,0.5621920743777928,2.2256427168075867
810,810,8909,1907.5,700.0,848,1.2340415954589845,0.9680887956033358,4.3967922329346285
811,811,16450,2975.0,1295.0,849,0.5354241371154785,0.0,1.5354241371154784
812,812,25609,1557.5,2030.0,850,0.6905986309051514,0.8636565789516696,3.1506952608530705
813,813,24581,2817.5,1942.5,851,0.49421043395996095,0.8031985468317493,2.694358083177439
814,814,9129,1907.5,717.5,852,0.64994854927063,0.9528060747542115,3.222029550047585
815,815,12476,2730.0,980.0,853,0.45494861602783204,0.3794357165723238,2.007008086726263
816,816,24303,1802.5,1925.0,854,0.4422791004180908,0.6007671939945175,2.3087530685332043
817,817,21056,2730.0,1662.5,855,0.3704433917999268,0.3324221469209082,1.8260091263356297
818,818,13793,2677.5,1085.0,856,0.7190648555755615,0.08508611612891395,1.8653334075101984
819,819,12028,2590.0,945.0,857,0.3962178707122803,0.6039439820975364,2.239455251425998
820,820,22083,1452.5,1750.0,858,,,
821,821,20614,2695.0,1627.5,859,,,
822,822,8471,1942.5,665.0,860,0.527043628692627,0.36143965371606956,2.0789777490566204
823,823,9401,2817.5,735.0,861,0.48345184326171875,0.8758804200474374,2.782778266857938
824,824,25406,1855.0,2012.5,862,0.36526036262512207,0.3707671759027161,1.8714540916475566
825,825,24346,2555.0,1925.0,863,0.40061302185058595,0.38489231790940415,1.9396982143247528
826,826,12468,2590.0,980.0,864,0.38234610557556153,0.29980620178049017,1.796782041034223
827,827,16227,2922.5,1277.5,865,0.41632833480834963,0.3324221469209082,1.8871472406102558
828,828,24525,1837.5,1942.5,866,0.42446279525756836,0.7632314714972832,2.5116576305751357
829,829,21503,2852.5,1697.5,867,0.47948894500732425,0.46169979306481546,2.162568684758888
830,830,12227,2222.5,962.5,868,0.3359393119812012,0.0,1.335939311981201
831,831,12472,2660.0,980.0,869,0.35514647960662843,0.554395593101382,2.106433715907395
832,832,24967,1872.5,1977.5,870,0.30534679889678956,0.19756384352457407,1.5632361296193384
833,833,20598,2415.0,1627.5,871,0.9064249992370605,0.760509008103619,3.35627838443078
834,834,11787,2222.5,927.5,872,0.4818867683410645,0.8870857604732817,2.796447419170191
835,835,11788,2240.0,927.5,873,0.4144937515258789,0.5921995326494102,2.2521562901150154
836,836,25847,1872.5,2047.5,874,0.45769968032836916,0.15378081078435754,1.6818659190493643
837,837,21507,2922.5,1697.5,875,0.38366289138793946,0.5917055548488427,2.202383910260394
838,838,8913,1977.5,700.0,876,0.5820082187652588,0.15378081078435754,1.8252907253144974
839,839,18403,2502.5,1452.5,877,0.43178997039794925,0.0,1.4317899703979493
840,840,25627,1872.5,2030.0,878,0.4375161170959473,0.7101724367717064,2.4584004408725777
841,841,24358,2765.0,1925.0,879,0.3254950284957886,0.49629795711240376,1.9833355033008957
842,842,9369,2257.5,735.0,880,,,
843,843,10026,2205.0,787.5,881,0.6741816997528076,0.19756384352457407,2.004939471114477
844,844,24301,1767.5,1925.0,882,0.4745518207550049,0.33644720646210075,1.9706606616316305
845,845,21036,2380.0,1662.5,883,0.4422947406768799,0.11247772739566009,1.604520775342928
846,846,10712,2660.0,840.0,884,0.40746464729309084,0.3403444645156558,1.886487449000774
847,847,9149,2257.5,717.5,885,0.3111279010772705,0.0,1.3111279010772705
848,848,20404,2870.0,1610.0,886,0.38408563137054447,0.7250698846185372,2.3876444404105603
849,849,22792,2310.0,1802.5,887,0.31607458591461185,0.0,1.316074585914612
850,850,7361,1767.5,577.5,888,0.40069255828857425,0.0,1.4006925582885743
851,851,14235,2712.5,1120.0,889,0.3502187728881836,0.04977218726742019,1.4174221145043606
852,852,18404,2520.0,1452.5,890,0.38496103286743166,0.04977218726742019,1.453893572753389
853,853,19716,2380.0,1557.5,891,0.5586133003234863,0.04977218726742019,1.6361888933846787
854,854,7803,1802.5,612.5,892,0.3972969055175781,0.13485830339633414,1.5857339955366265
855,855,10245,2187.5,805.0,893,0.4636997699737549,0.41121184098348984,2.065590447031773
856,856,26035,1312.5,2065.0,894,,,
857,857,24564,2520.0,1942.5,895,0.3746727705001831,0.2092634843144959,1.6623415842473126
858,858,8025,1837.5,630.0,896,0.3897305488586426,0.08508611612891395,1.5079773237267287
859,859,9402,2835.0,735.0,897,0.4150227546691895,0.24733603079199423,1.7650088662894206
860,860,22997,2047.5,1820.0,898,,,
861,861,23907,2572.5,1890.0,899,0.349173641204834,0.35480272292158227,1.827864122798335
862,862,8906,1855.0,700.0,900,0.645794677734375,0.7357786518932989,2.85673526701094
863,863,6488,1890.0,507.5,901,0.369947361946106,0.0,1.369947361946106
864,864,25848,1890.0,2047.5,902,0.3619961023330689,0.25525834838674183,1.709656977923788
865,865,23470,2625.0,1855.0,903,0.5055736541748047,0.5197506213057383,2.28809649635371
866,866,6265,1837.5,490.0,904,0.3208590269088745,0.0,1.3208590269088745
867,867,10462,2135.0,822.5,905,0.47530403137207033,0.04977218726742019,1.5487331398979007
868,868,24968,1890.0,1977.5,906,0.3714495658874512,0.15378081078435754,1.5823521920794785
869,869,18623,2502.5,1470.0,907,0.29446253776550296,0.04977218726742019,1.3588907696058277
870,870,10661,1767.5,840.0,908,0.3858523368835449,0.04977218726742019,1.4548292389199047
871,871,6703,1802.5,525.0,909,,,
872,872,23216,2030.0,1837.5,910,0.37884483337402347,0.0,1.3788448333740235
873,873,24125,2537.5,1907.5,911,0.44660525321960454,0.44971434698213275,2.097164390012182
874,874,7583,1802.5,595.0,912,0.3896066188812256,0.29980620178049017,1.806219301257035
875,875,12471,2642.5,980.0,913,0.3650378704071045,0.7144344895002337,2.3402680044998903
876,876,25846,1855.0,2047.5,914,0.3640796184539795,0.11247772739566009,1.5175081939244222
877,877,19938,2415.0,1575.0,915,0.4540114402770996,0.36462823085321877,1.984185059385679
878,878,6484,1820.0,507.5,916,0.4767154216766358,0.8054750644755699,2.6661728711636927
879,879,6930,1925.0,542.5,917,0.37446084022521975,0.28863911418069166,1.7711839996238763
880,880,24966,1855.0,1977.5,918,0.31620316505432133,0.30503053565416205,1.7176853215205445
881,881,25179,1732.5,1995.0,919,0.5304272651672364,0.11247772739566009,1.7025662458976023
882,882,12247,2572.5,962.5,920,0.3853313207626343,0.7369970571099106,2.4063164272868813
883,883,12257,2747.5,962.5,921,0.37215957641601566,0.19756384352457407,1.6432486962618154
884,884,24305,1837.5,1925.0,922,0.4407387256622315,0.4381719814447155,2.0720300678297856
885,885,25180,1750.0,1995.0,923,0.3589836120605469,0.04977218726742019,1.4266231988933795
886,886,7802,1785.0,612.5,924,0.3850045919418335,0.45881134643851956,2.0204604135941984
887,887,8252,1960.0,647.5,925,0.4931677341461182,0.08508611612891395,1.6202155773736222
888,888,23010,2275.0,1820.0,926,0.38215293884277346,0.0,1.3821529388427733
889,889,20817,2397.5,1645.0,927,0.5615376472473145,0.6777776467026361,2.6199129590361703
890,890,8902,1785.0,700.0,928,0.5946751117706299,0.9484453077540581,3.1071372389216623
891,891,9805,2187.5,770.0,929,0.4568970203399658,0.2697166067926683,1.8498463411124106
892,892,25390,1575.0,2012.5,930,0.41960220336914067,0.7151608426123687,2.434846111304991
893,893,24741,1767.5,1960.0,931,0.42628369331359867,0.5394332135853366,2.195668489482116
894,894,9807,2222.5,770.0,932,0.3526187896728516,0.08508611612891395,1.467707869089107
895,895,8914,1995.0,700.0,933,0.4461672306060791,0.5640662072360781,2.2619012954031525
896,896,24743,1802.5,1960.0,934,0.41795072555541996,0.7424800116711773,2.4707507968149627
897,897,22776,2030.0,1802.5,935,0.4514483451843262,0.04977218726742019,1.5236901040298274
898,898,7580,1750.0,595.0,936,0.4105977535247803,0.5931815644292369,2.2473383357409764
899,899,12248,2590.0,962.5,937,0.4079923629760742,0.838975571486093,2.5892635603519807
900,900,23863,1802.5,1890.0,938,0.3682160615921021,0.15378081078435754,1.5786214368719158
901,901,20846,2905.0,1645.0,939,0.40532917976379396,0.8658510503128959,2.622134926097635
902,902,7596,2030.0,595.0,940,0.32457704544067384,0.0,1.3245770454406738
903,903,12256,2730.0,962.5,941,0.4334289073944092,0.5634446701219512,2.241086785264521
904,904,25828,1540.0,2047.5,942,0.43929848670959476,0.08508611612891395,1.5617628048939376
905,905,21040,2450.0,1662.5,943,0.35235807895660404,0.0,1.352358078956604
906,906,8898,1715.0,700.0,944,0.39166197776794437,0.11247772739566009,1.5481929543302324
907,907,8695,2012.5,682.5,945,0.4220929622650147,0.3403444645156558,1.9060944299985836
908,908,25181,1767.5,1995.0,946,0.34554305076599123,0.04977218726742019,1.4125136714650919
909,909,20156,2380.0,1592.5,947,0.5360675811767578,0.7468924900322091,2.6833449217396192
910,910,9368,2240.0,735.0,948,0.44187717437744145,0.46728045031724236,2.1156381897226852
911,911,7376,2030.0,577.5,949,,,
912,912,24960,1750.0,1977.5,950,0.4684224605560303,0.7745634036214718,2.6058087595585255
913,913,20816,2380.0,1645.0,951,0.5076417446136475,0.04977218726742019,1.582680371858738
914,914,9148,2240.0,717.5,952,0.44392170906066897,0.9099784123610397,2.7578592934453354
915,915,11373,2677.5,892.5,953,0.4041141033172608,0.5707031380305655,2.205446428233395
916,916,23012,2310.0,1820.0,954,0.31778309345245365,0.0,1.3177830934524537
917,917,20184,2870.0,1592.5,955,0.4173511028289795,0.9474396843377986,2.7602057842890986
918,918,9343,1802.5,735.0,956,0.6231445789337159,0.7924935068947954,2.9094761184901725
919,919,9789,1907.5,770.0,957,0.7090599060058594,0.2388669269132715,2.117297793664164
920,920,25628,1890.0,2030.0,958,0.4630283355712891,0.5866532648965185,2.321318685270305
921,921,19937,2397.5,1575.0,959,0.4897204399108887,0.675297697351117,2.4957252226796047
922,922,9806,2205.0,770.0,960,0.42556605339050296,0.18463049066375437,1.6887690133015834
923,923,8901,1767.5,700.0,961,0.5248889446258546,0.9606483637060779,2.98977101411417
924,924,24739,1732.5,1960.0,962,0.32105343341827397,0.3194887940600885,1.7431152017500178
925,925,25187,1872.5,1995.0,963,0.36685657501220703,0.5188578659686224,2.0760608606082207
926,926,9367,2222.5,735.0,964,0.3676761865615845,0.7039851331816421,2.330499888907502
927,927,8472,1960.0,665.0,965,0.4435904979705811,0.282649959653488,1.8516212939781245
928,928,25407,1872.5,2012.5,966,0.4213683605194092,0.9717696261566504,2.8026109608522467
929,929,21039,2432.5,1662.5,967,0.6934278964996339,0.17017223225782788,1.9816023018146545
930,930,12252,2660.0,962.5,968,0.3174266815185547,0.19756384352457407,1.5777025602811854
931,931,10240,2100.0,805.0,969,0.4004566192626953,0.6747956380917897,2.345478637277936
932,932,20820,2450.0,1645.0,970,0.4057537078857422,0.282649959653488,1.8030899367023885
933,933,24565,2537.5,1942.5,971,0.3431071758270264,0.13485830339633414,1.524236330838501
934,934,10025,2187.5,787.5,972,0.44294576644897465,0.8384461763031421,2.652778126940924
935,935,8480,2100.0,665.0,973,0.4719405174255371,0.0,1.471940517425537
936,936,25186,1855.0,1995.0,974,0.35500869750976566,0.0,1.3550086975097657
937,937,24566,2555.0,1942.5,975,,,
938,938,10492,2660.0,822.5,976,0.4020889282226563,0.0,1.4020889282226563
939,939,10716,2730.0,840.0,977,0.44268012046813965,0.5316118859738975,2.2096260201672573
940,940,22791,2292.5,1802.5,978,0.3198737621307373,0.0,1.3198737621307373
941,941,23231,2292.5,1837.5,979,,,
942,942,8249,1907.5,647.5,980,0.48378953933715824,0.8204815228848488,2.701211440213118
943,943,9785,1837.5,770.0,981,0.49934234619140627,0.49629795711240376,2.2434628896183195
944,944,24083,1802.5,1907.5,982,0.39879419803619387,0.5897095219628756,2.2236764558845614
945,945,20377,2397.5,1610.0,983,0.8271265029907227,0.759629952454897,3.215066521586648
946,946,19964,2870.0,1575.0,984,0.37707247734069826,0.8813306447544138,2.5907286516689334
947,947,8244,1820.0,647.5,985,,,
948,948,23688,2590.0,1872.5,986,0.35539643764495854,0.6537161693649565,2.241441004833129
949,949,24370,2975.0,1925.0,987,0.3872506141662598,0.11247772739566009,1.5432854105759144
950,950,6708,1890.0,525.0,988,0.4741990089416504,0.8170563507799088,2.678702671510873
951,951,8928,2240.0,700.0,989,0.4048652172088623,0.04977218726742019,1.4747884318852666
952,952,25408,1890.0,2012.5,990,0.3572143077850342,0.5856173657718641,2.15202257549799
953,953,18843,2502.5,1487.5,991,0.4131486892700196,0.08508611612891395,1.533388022752671
954,954,9124,1820.0,717.5,992,1.2677691459655762,0.7589981789667368,3.9890017980704
955,955,10714,2695.0,840.0,993,0.3858564376831055,0.08508611612891395,1.5037735794778133
956,956,24512,1610.0,1942.5,994,0.32873723506927494,0.0,1.328737235069275
957,957,24124,2520.0,1907.5,995,0.4802480697631836,0.29980620178049017,1.9240356212517857
958,958,10884,1820.0,857.5,996,0.3895079851150513,0.08508611612891395,1.507735822898604
959,959,10244,2170.0,805.0,997,0.4127065658569336,0.615480603849173,2.282200056072251
960,960,24961,1767.5,1977.5,998,0.4549428939819336,0.6066030026956734,2.337515622222107
961,961,23909,2607.5,1890.0,999,0.5412782192230224,0.5781104574324006,2.4323072755686397
962,962,10021,2117.5,787.5,1000,0.5838950634002685,0.8568274801139636,2.9410198793384676
963,963,7377,2047.5,577.5,1001,0.3318810939788819,0.38753227595330025,1.8480280056276892
964,964,25392,1610.0,2012.5,1002,0.538933277130127,0.8592023304842782,2.8611883353001395
965,965,18624,2520.0,1470.0,1003,,,
966,966,6704,1820.0,525.0,1004,0.33860006332397463,0.0,1.3386000633239745
967,967,9128,1890.0,717.5,1005,0.7021825313568115,0.9081128245111312,3.2479563177407527
968,968,25188,1890.0,1995.0,1006,0.3764967441558838,0.262700221854333,1.7381027442274015
969,969,20834,2695.0,1645.0,1007,0.46793699264526367,0.04977218726742019,1.5409994275399772
970,970,8245,1837.5,647.5,1008,0.3760758399963379,0.0,1.376075839996338
971,971,10937,2747.5,857.5,1009,0.35023202896118166,0.2199444195252481,1.6472080287954465
972,972,24070,1575.0,1907.5,1010,0.40711460113525394,0.08508611612891395,1.5268405174941388
973,973,19718,2415.0,1557.5,1011,,,
974,974,7584,1820.0,595.0,1012,0.30399336814880373,0.0,1.3039933681488036
975,975,14234,2695.0,1120.0,1013,0.42359471321105957,0.2388669269132715,1.7636444075257653
976,976,25830,1575.0,2047.5,1014,0.416764497756958,0.7116717325738887,2.4250357425248272
977,977,21038,2415.0,1662.5,1015,0.4723526477813721,0.37661367693590153,2.0268607922086246
978,978,11154,2695.0,875.0,1016,0.36391773223876955,0.5188578659686224,2.07159717614494
979,979,8690,1925.0,682.5,1017,1.0100932121276855,0.8365077498451743,3.6915517619836744
980,980,25388,1540.0,2012.5,1018,0.42260332107543946,0.390116651783076,1.977584565508874
981,981,16446,2905.0,1295.0,1019,0.3610815763473511,0.7845261811427976,2.4288857076629577
982,982,9120,1750.0,717.5,1020,0.411344051361084,0.6437661525294639,2.3199195812011553
983,983,10715,2712.5,840.0,1021,,,
984,984,21854,1295.0,1732.5,1022,0.5856100559234619,0.8486841981061267,2.931292254743876
985,985,23011,2292.5,1820.0,1023,0.5978860855102539,0.5114719803322356,2.4151600460115072
